etapa,iter,est,node,prob,SubmercadoDE,SubmercadoPARA,Valor
BK,1,4,4,1.0,1,2,0.0
BK,1,4,4,1.0,1,3,0.0
BK,1,4,4,1.0,1,4,0.0
BK,1,4,4,1.0,2,1,986.5399999999995
BK,1,4,4,1.0,2,3,0.0
BK,1,4,4,1.0,2,4,0.0
BK,1,4,4,1.0,3,1,0.0
BK,1,4,4,1.0,3,2,0.0
BK,1,4,4,1.0,3,4,0.0
BK,1,4,4,1.0,4,1,16725.02
BK,1,4,4,1.0,4,2,0.0
BK,1,4,4,1.0,4,3,0.0
BK,1,4,7,1.0,1,2,0.0
BK,1,4,7,1.0,1,3,0.0
BK,1,4,7,1.0,1,4,0.0
BK,1,4,7,1.0,2,1,980.1599999999994
BK,1,4,7,1.0,2,3,0.0
BK,1,4,7,1.0,2,4,0.0
BK,1,4,7,1.0,3,1,0.0
BK,1,4,7,1.0,3,2,0.0
BK,1,4,7,1.0,3,4,0.0
BK,1,4,7,1.0,4,1,16631.420000000002
BK,1,4,7,1.0,4,2,0.0
BK,1,4,7,1.0,4,3,0.0
BK,1,3,3,0.5,1,2,0.0
BK,1,3,3,0.5,1,3,0.0
BK,1,3,3,0.5,1,4,0.0
BK,1,3,3,0.5,2,1,0.0
BK,1,3,3,0.5,2,3,0.0
BK,1,3,3,0.5,2,4,0.0
BK,1,3,3,0.5,3,1,0.0
BK,1,3,3,0.5,3,2,0.0
BK,1,3,3,0.5,3,4,0.0
BK,1,3,3,0.5,4,1,16505.02
BK,1,3,3,0.5,4,2,0.0
BK,1,3,3,0.5,4,3,0.0
BK,1,3,6,1.0,1,2,0.0
BK,1,3,6,1.0,1,3,0.0
BK,1,3,6,1.0,1,4,0.0
BK,1,3,6,1.0,2,1,0.0
BK,1,3,6,1.0,2,3,0.0
BK,1,3,6,1.0,2,4,0.0
BK,1,3,6,1.0,3,1,0.0
BK,1,3,6,1.0,3,2,0.0
BK,1,3,6,1.0,3,4,0.0
BK,1,3,6,1.0,4,1,16449.82
BK,1,3,6,1.0,4,2,0.0
BK,1,3,6,1.0,4,3,0.0
BK,1,2,2,0.5,1,2,0.0
BK,1,2,2,0.5,1,3,0.0
BK,1,2,2,0.5,1,4,0.0
BK,1,2,2,0.5,2,1,83.42000000000124
BK,1,2,2,0.5,2,3,0.0
BK,1,2,2,0.5,2,4,0.0
BK,1,2,2,0.5,3,1,0.0
BK,1,2,2,0.5,3,2,0.0
BK,1,2,2,0.5,3,4,0.0
BK,1,2,2,0.5,4,1,12982.300000000001
BK,1,2,2,0.5,4,2,0.0
BK,1,2,2,0.5,4,3,0.0
BK,1,2,5,0.002,1,2,0.0
BK,1,2,5,0.002,1,3,0.0
BK,1,2,5,0.002,1,4,0.0
BK,1,2,5,0.002,2,1,0.0
BK,1,2,5,0.002,2,3,0.0
BK,1,2,5,0.002,2,4,0.0
BK,1,2,5,0.002,3,1,0.0
BK,1,2,5,0.002,3,2,0.0
BK,1,2,5,0.002,3,4,0.0
BK,1,2,5,0.002,4,1,12718.300000000001
BK,1,2,5,0.002,4,2,0.0
BK,1,2,5,0.002,4,3,0.0
BK,1,1,1,1.0,1,2,0.0
BK,1,1,1,1.0,1,3,0.0
BK,1,1,1,1.0,1,4,0.0
BK,1,1,1,1.0,2,1,0.0
BK,1,1,1,1.0,2,3,0.0
BK,1,1,1,1.0,2,4,0.0
BK,1,1,1,1.0,3,1,0.0
BK,1,1,1,1.0,3,2,0.0
BK,1,1,1,1.0,3,4,0.0
BK,1,1,1,1.0,4,1,10943.9
BK,1,1,1,1.0,4,2,0.0
BK,1,1,1,1.0,4,3,0.0
BK,2,4,4,1.0,1,2,0.0
BK,2,4,4,1.0,1,3,0.0
BK,2,4,4,1.0,1,4,0.0
BK,2,4,4,1.0,2,1,986.5399999999997
BK,2,4,4,1.0,2,3,0.0
BK,2,4,4,1.0,2,4,0.0
BK,2,4,4,1.0,3,1,0.0
BK,2,4,4,1.0,3,2,0.0
BK,2,4,4,1.0,3,4,0.0
BK,2,4,4,1.0,4,1,16725.02
BK,2,4,4,1.0,4,2,0.0
BK,2,4,4,1.0,4,3,0.0
BK,2,4,7,1.0,1,2,0.0
BK,2,4,7,1.0,1,3,0.0
BK,2,4,7,1.0,1,4,0.0
BK,2,4,7,1.0,2,1,986.5399999999997
BK,2,4,7,1.0,2,3,0.0
BK,2,4,7,1.0,2,4,0.0
BK,2,4,7,1.0,3,1,0.0
BK,2,4,7,1.0,3,2,0.0
BK,2,4,7,1.0,3,4,0.0
BK,2,4,7,1.0,4,1,16631.420000000002
BK,2,4,7,1.0,4,2,0.0
BK,2,4,7,1.0,4,3,0.0
BK,2,3,3,0.5,1,2,0.0
BK,2,3,3,0.5,1,3,0.0
BK,2,3,3,0.5,1,4,0.0
BK,2,3,3,0.5,2,1,0.0
BK,2,3,3,0.5,2,3,0.0
BK,2,3,3,0.5,2,4,0.0
BK,2,3,3,0.5,3,1,0.0
BK,2,3,3,0.5,3,2,0.0
BK,2,3,3,0.5,3,4,0.0
BK,2,3,3,0.5,4,1,16505.02
BK,2,3,3,0.5,4,2,0.0
BK,2,3,3,0.5,4,3,0.0
BK,2,3,6,1.0,1,2,0.0
BK,2,3,6,1.0,1,3,0.0
BK,2,3,6,1.0,1,4,0.0
BK,2,3,6,1.0,2,1,0.0
BK,2,3,6,1.0,2,3,0.0
BK,2,3,6,1.0,2,4,0.0
BK,2,3,6,1.0,3,1,0.0
BK,2,3,6,1.0,3,2,0.0
BK,2,3,6,1.0,3,4,0.0
BK,2,3,6,1.0,4,1,16449.82
BK,2,3,6,1.0,4,2,0.0
BK,2,3,6,1.0,4,3,0.0
BK,2,2,2,0.5,1,2,0.0
BK,2,2,2,0.5,1,3,0.0
BK,2,2,2,0.5,1,4,0.0
BK,2,2,2,0.5,2,1,92.54000000000158
BK,2,2,2,0.5,2,3,0.0
BK,2,2,2,0.5,2,4,0.0
BK,2,2,2,0.5,3,1,0.0
BK,2,2,2,0.5,3,2,0.0
BK,2,2,2,0.5,3,4,0.0
BK,2,2,2,0.5,4,1,12982.300000000001
BK,2,2,2,0.5,4,2,0.0
BK,2,2,2,0.5,4,3,0.0
BK,2,2,5,0.002,1,2,0.0
BK,2,2,5,0.002,1,3,0.0
BK,2,2,5,0.002,1,4,0.0
BK,2,2,5,0.002,2,1,90.44531799999821
BK,2,2,5,0.002,2,3,0.0
BK,2,2,5,0.002,2,4,0.0
BK,2,2,5,0.002,3,1,0.0
BK,2,2,5,0.002,3,2,0.0
BK,2,2,5,0.002,3,4,0.0
BK,2,2,5,0.002,4,1,12718.300000000001
BK,2,2,5,0.002,4,2,0.0
BK,2,2,5,0.002,4,3,0.0
BK,2,1,1,1.0,1,2,0.0
BK,2,1,1,1.0,1,3,0.0
BK,2,1,1,1.0,1,4,0.0
BK,2,1,1,1.0,2,1,0.0
BK,2,1,1,1.0,2,3,0.0
BK,2,1,1,1.0,2,4,0.0
BK,2,1,1,1.0,3,1,0.0
BK,2,1,1,1.0,3,2,0.0
BK,2,1,1,1.0,3,4,0.0
BK,2,1,1,1.0,4,1,10943.9
BK,2,1,1,1.0,4,2,0.0
BK,2,1,1,1.0,4,3,0.0
BK,3,4,4,1.0,1,2,0.0
BK,3,4,4,1.0,1,3,0.0
BK,3,4,4,1.0,1,4,0.0
BK,3,4,4,1.0,2,1,986.5400000000009
BK,3,4,4,1.0,2,3,0.0
BK,3,4,4,1.0,2,4,0.0
BK,3,4,4,1.0,3,1,0.0
BK,3,4,4,1.0,3,2,0.0
BK,3,4,4,1.0,3,4,0.0
BK,3,4,4,1.0,4,1,16725.02
BK,3,4,4,1.0,4,2,0.0
BK,3,4,4,1.0,4,3,0.0
BK,3,4,7,1.0,1,2,0.0
BK,3,4,7,1.0,1,3,0.0
BK,3,4,7,1.0,1,4,0.0
BK,3,4,7,1.0,2,1,980.1599999999994
BK,3,4,7,1.0,2,3,0.0
BK,3,4,7,1.0,2,4,0.0
BK,3,4,7,1.0,3,1,0.0
BK,3,4,7,1.0,3,2,0.0
BK,3,4,7,1.0,3,4,0.0
BK,3,4,7,1.0,4,1,16631.420000000002
BK,3,4,7,1.0,4,2,0.0
BK,3,4,7,1.0,4,3,0.0
BK,3,3,3,0.5,1,2,0.0
BK,3,3,3,0.5,1,3,0.0
BK,3,3,3,0.5,1,4,0.0
BK,3,3,3,0.5,2,1,0.0
BK,3,3,3,0.5,2,3,0.0
BK,3,3,3,0.5,2,4,0.0
BK,3,3,3,0.5,3,1,0.0
BK,3,3,3,0.5,3,2,0.0
BK,3,3,3,0.5,3,4,0.0
BK,3,3,3,0.5,4,1,16505.02
BK,3,3,3,0.5,4,2,0.0
BK,3,3,3,0.5,4,3,0.0
BK,3,3,6,1.0,1,2,0.0
BK,3,3,6,1.0,1,3,0.0
BK,3,3,6,1.0,1,4,0.0
BK,3,3,6,1.0,2,1,0.0
BK,3,3,6,1.0,2,3,0.0
BK,3,3,6,1.0,2,4,0.0
BK,3,3,6,1.0,3,1,0.0
BK,3,3,6,1.0,3,2,0.0
BK,3,3,6,1.0,3,4,0.0
BK,3,3,6,1.0,4,1,16449.82
BK,3,3,6,1.0,4,2,0.0
BK,3,3,6,1.0,4,3,0.0
BK,3,2,2,0.5,1,2,0.0
BK,3,2,2,0.5,1,3,0.0
BK,3,2,2,0.5,1,4,0.0
BK,3,2,2,0.5,2,1,83.42000000000148
BK,3,2,2,0.5,2,3,0.0
BK,3,2,2,0.5,2,4,0.0
BK,3,2,2,0.5,3,1,0.0
BK,3,2,2,0.5,3,2,0.0
BK,3,2,2,0.5,3,4,0.0
BK,3,2,2,0.5,4,1,12982.300000000001
BK,3,2,2,0.5,4,2,0.0
BK,3,2,2,0.5,4,3,0.0
BK,3,2,5,0.002,1,2,0.0
BK,3,2,5,0.002,1,3,0.0
BK,3,2,5,0.002,1,4,0.0
BK,3,2,5,0.002,2,1,-1.0004441719502212e-13
BK,3,2,5,0.002,2,3,0.0
BK,3,2,5,0.002,2,4,0.0
BK,3,2,5,0.002,3,1,0.0
BK,3,2,5,0.002,3,2,0.0
BK,3,2,5,0.002,3,4,0.0
BK,3,2,5,0.002,4,1,12718.300000000001
BK,3,2,5,0.002,4,2,0.0
BK,3,2,5,0.002,4,3,0.0
BK,3,1,1,1.0,1,2,0.0
BK,3,1,1,1.0,1,3,0.0
BK,3,1,1,1.0,1,4,0.0
BK,3,1,1,1.0,2,1,0.0
BK,3,1,1,1.0,2,3,0.0
BK,3,1,1,1.0,2,4,0.0
BK,3,1,1,1.0,3,1,0.0
BK,3,1,1,1.0,3,2,0.0
BK,3,1,1,1.0,3,4,0.0
BK,3,1,1,1.0,4,1,10943.9
BK,3,1,1,1.0,4,2,0.0
BK,3,1,1,1.0,4,3,0.0
BK,4,4,4,1.0,1,2,0.0
BK,4,4,4,1.0,1,3,0.0
BK,4,4,4,1.0,1,4,0.0
BK,4,4,4,1.0,2,1,986.5400000000009
BK,4,4,4,1.0,2,3,0.0
BK,4,4,4,1.0,2,4,0.0
BK,4,4,4,1.0,3,1,0.0
BK,4,4,4,1.0,3,2,0.0
BK,4,4,4,1.0,3,4,0.0
BK,4,4,4,1.0,4,1,16725.02
BK,4,4,4,1.0,4,2,0.0
BK,4,4,4,1.0,4,3,0.0
BK,4,4,7,1.0,1,2,0.0
BK,4,4,7,1.0,1,3,0.0
BK,4,4,7,1.0,1,4,0.0
BK,4,4,7,1.0,2,1,986.5399999999997
BK,4,4,7,1.0,2,3,0.0
BK,4,4,7,1.0,2,4,0.0
BK,4,4,7,1.0,3,1,0.0
BK,4,4,7,1.0,3,2,0.0
BK,4,4,7,1.0,3,4,0.0
BK,4,4,7,1.0,4,1,16631.420000000002
BK,4,4,7,1.0,4,2,0.0
BK,4,4,7,1.0,4,3,0.0
BK,4,3,3,0.5,1,2,0.0
BK,4,3,3,0.5,1,3,0.0
BK,4,3,3,0.5,1,4,0.0
BK,4,3,3,0.5,2,1,0.0
BK,4,3,3,0.5,2,3,0.0
BK,4,3,3,0.5,2,4,0.0
BK,4,3,3,0.5,3,1,0.0
BK,4,3,3,0.5,3,2,0.0
BK,4,3,3,0.5,3,4,0.0
BK,4,3,3,0.5,4,1,16505.02
BK,4,3,3,0.5,4,2,0.0
BK,4,3,3,0.5,4,3,0.0
BK,4,3,6,1.0,1,2,0.0
BK,4,3,6,1.0,1,3,0.0
BK,4,3,6,1.0,1,4,0.0
BK,4,3,6,1.0,2,1,0.0
BK,4,3,6,1.0,2,3,0.0
BK,4,3,6,1.0,2,4,0.0
BK,4,3,6,1.0,3,1,0.0
BK,4,3,6,1.0,3,2,0.0
BK,4,3,6,1.0,3,4,0.0
BK,4,3,6,1.0,4,1,16449.82
BK,4,3,6,1.0,4,2,0.0
BK,4,3,6,1.0,4,3,0.0
BK,4,2,2,0.5,1,2,0.0
BK,4,2,2,0.5,1,3,0.0
BK,4,2,2,0.5,1,4,0.0
BK,4,2,2,0.5,2,1,92.54000000000158
BK,4,2,2,0.5,2,3,0.0
BK,4,2,2,0.5,2,4,0.0
BK,4,2,2,0.5,3,1,0.0
BK,4,2,2,0.5,3,2,0.0
BK,4,2,2,0.5,3,4,0.0
BK,4,2,2,0.5,4,1,12982.300000000001
BK,4,2,2,0.5,4,2,0.0
BK,4,2,2,0.5,4,3,0.0
BK,4,2,5,0.002,1,2,0.0
BK,4,2,5,0.002,1,3,0.0
BK,4,2,5,0.002,1,4,0.0
BK,4,2,5,0.002,2,1,7.003109203651549e-13
BK,4,2,5,0.002,2,3,0.0
BK,4,2,5,0.002,2,4,0.0
BK,4,2,5,0.002,3,1,0.0
BK,4,2,5,0.002,3,2,0.0
BK,4,2,5,0.002,3,4,0.0
BK,4,2,5,0.002,4,1,12718.300000000001
BK,4,2,5,0.002,4,2,0.0
BK,4,2,5,0.002,4,3,0.0
BK,4,1,1,1.0,1,2,0.0
BK,4,1,1,1.0,1,3,0.0
BK,4,1,1,1.0,1,4,0.0
BK,4,1,1,1.0,2,1,0.0
BK,4,1,1,1.0,2,3,0.0
BK,4,1,1,1.0,2,4,0.0
BK,4,1,1,1.0,3,1,0.0
BK,4,1,1,1.0,3,2,0.0
BK,4,1,1,1.0,3,4,0.0
BK,4,1,1,1.0,4,1,10943.9
BK,4,1,1,1.0,4,2,0.0
BK,4,1,1,1.0,4,3,0.0
BK,5,4,4,1.0,1,2,0.0
BK,5,4,4,1.0,1,3,0.0
BK,5,4,4,1.0,1,4,0.0
BK,5,4,4,1.0,2,1,986.5400000000009
BK,5,4,4,1.0,2,3,0.0
BK,5,4,4,1.0,2,4,0.0
BK,5,4,4,1.0,3,1,0.0
BK,5,4,4,1.0,3,2,0.0
BK,5,4,4,1.0,3,4,0.0
BK,5,4,4,1.0,4,1,16725.02
BK,5,4,4,1.0,4,2,0.0
BK,5,4,4,1.0,4,3,0.0
BK,5,4,7,1.0,1,2,0.0
BK,5,4,7,1.0,1,3,0.0
BK,5,4,7,1.0,1,4,0.0
BK,5,4,7,1.0,2,1,986.5399999999997
BK,5,4,7,1.0,2,3,0.0
BK,5,4,7,1.0,2,4,0.0
BK,5,4,7,1.0,3,1,0.0
BK,5,4,7,1.0,3,2,0.0
BK,5,4,7,1.0,3,4,0.0
BK,5,4,7,1.0,4,1,16631.420000000002
BK,5,4,7,1.0,4,2,0.0
BK,5,4,7,1.0,4,3,0.0
BK,5,3,3,0.5,1,2,0.0
BK,5,3,3,0.5,1,3,0.0
BK,5,3,3,0.5,1,4,0.0
BK,5,3,3,0.5,2,1,0.0
BK,5,3,3,0.5,2,3,0.0
BK,5,3,3,0.5,2,4,0.0
BK,5,3,3,0.5,3,1,0.0
BK,5,3,3,0.5,3,2,0.0
BK,5,3,3,0.5,3,4,0.0
BK,5,3,3,0.5,4,1,16505.02
BK,5,3,3,0.5,4,2,0.0
BK,5,3,3,0.5,4,3,0.0
BK,5,3,6,1.0,1,2,0.0
BK,5,3,6,1.0,1,3,0.0
BK,5,3,6,1.0,1,4,0.0
BK,5,3,6,1.0,2,1,0.0
BK,5,3,6,1.0,2,3,0.0
BK,5,3,6,1.0,2,4,0.0
BK,5,3,6,1.0,3,1,0.0
BK,5,3,6,1.0,3,2,0.0
BK,5,3,6,1.0,3,4,0.0
BK,5,3,6,1.0,4,1,16449.82
BK,5,3,6,1.0,4,2,0.0
BK,5,3,6,1.0,4,3,0.0
BK,5,2,2,0.5,1,2,0.0
BK,5,2,2,0.5,1,3,0.0
BK,5,2,2,0.5,1,4,0.0
BK,5,2,2,0.5,2,1,92.54000000000158
BK,5,2,2,0.5,2,3,0.0
BK,5,2,2,0.5,2,4,0.0
BK,5,2,2,0.5,3,1,0.0
BK,5,2,2,0.5,3,2,0.0
BK,5,2,2,0.5,3,4,0.0
BK,5,2,2,0.5,4,1,12982.300000000001
BK,5,2,2,0.5,4,2,0.0
BK,5,2,2,0.5,4,3,0.0
BK,5,2,5,0.002,1,2,0.0
BK,5,2,5,0.002,1,3,0.0
BK,5,2,5,0.002,1,4,0.0
BK,5,2,5,0.002,2,1,92.53999999999918
BK,5,2,5,0.002,2,3,0.0
BK,5,2,5,0.002,2,4,0.0
BK,5,2,5,0.002,3,1,0.0
BK,5,2,5,0.002,3,2,0.0
BK,5,2,5,0.002,3,4,0.0
BK,5,2,5,0.002,4,1,12718.300000000001
BK,5,2,5,0.002,4,2,0.0
BK,5,2,5,0.002,4,3,0.0
BK,5,1,1,1.0,1,2,0.0
BK,5,1,1,1.0,1,3,0.0
BK,5,1,1,1.0,1,4,0.0
BK,5,1,1,1.0,2,1,0.0
BK,5,1,1,1.0,2,3,0.0
BK,5,1,1,1.0,2,4,0.0
BK,5,1,1,1.0,3,1,0.0
BK,5,1,1,1.0,3,2,0.0
BK,5,1,1,1.0,3,4,0.0
BK,5,1,1,1.0,4,1,10943.9
BK,5,1,1,1.0,4,2,0.0
BK,5,1,1,1.0,4,3,0.0
BK,6,4,4,1.0,1,2,0.0
BK,6,4,4,1.0,1,3,0.0
BK,6,4,4,1.0,1,4,0.0
BK,6,4,4,1.0,2,1,986.5400000000009
BK,6,4,4,1.0,2,3,0.0
BK,6,4,4,1.0,2,4,0.0
BK,6,4,4,1.0,3,1,0.0
BK,6,4,4,1.0,3,2,0.0
BK,6,4,4,1.0,3,4,0.0
BK,6,4,4,1.0,4,1,16725.02
BK,6,4,4,1.0,4,2,0.0
BK,6,4,4,1.0,4,3,0.0
BK,6,4,7,1.0,1,2,0.0
BK,6,4,7,1.0,1,3,0.0
BK,6,4,7,1.0,1,4,0.0
BK,6,4,7,1.0,2,1,980.1599999999994
BK,6,4,7,1.0,2,3,0.0
BK,6,4,7,1.0,2,4,0.0
BK,6,4,7,1.0,3,1,0.0
BK,6,4,7,1.0,3,2,0.0
BK,6,4,7,1.0,3,4,0.0
BK,6,4,7,1.0,4,1,16631.420000000002
BK,6,4,7,1.0,4,2,0.0
BK,6,4,7,1.0,4,3,0.0
BK,6,3,3,0.5,1,2,0.0
BK,6,3,3,0.5,1,3,0.0
BK,6,3,3,0.5,1,4,0.0
BK,6,3,3,0.5,2,1,0.0
BK,6,3,3,0.5,2,3,0.0
BK,6,3,3,0.5,2,4,0.0
BK,6,3,3,0.5,3,1,0.0
BK,6,3,3,0.5,3,2,0.0
BK,6,3,3,0.5,3,4,0.0
BK,6,3,3,0.5,4,1,16505.02
BK,6,3,3,0.5,4,2,0.0
BK,6,3,3,0.5,4,3,0.0
BK,6,3,6,1.0,1,2,0.0
BK,6,3,6,1.0,1,3,0.0
BK,6,3,6,1.0,1,4,0.0
BK,6,3,6,1.0,2,1,0.0
BK,6,3,6,1.0,2,3,0.0
BK,6,3,6,1.0,2,4,0.0
BK,6,3,6,1.0,3,1,0.0
BK,6,3,6,1.0,3,2,0.0
BK,6,3,6,1.0,3,4,0.0
BK,6,3,6,1.0,4,1,16449.82
BK,6,3,6,1.0,4,2,0.0
BK,6,3,6,1.0,4,3,0.0
BK,6,2,2,0.5,1,2,0.0
BK,6,2,2,0.5,1,3,0.0
BK,6,2,2,0.5,1,4,0.0
BK,6,2,2,0.5,2,1,90.91305912478472
BK,6,2,2,0.5,2,3,0.0
BK,6,2,2,0.5,2,4,0.0
BK,6,2,2,0.5,3,1,0.0
BK,6,2,2,0.5,3,2,0.0
BK,6,2,2,0.5,3,4,0.0
BK,6,2,2,0.5,4,1,12982.300000000001
BK,6,2,2,0.5,4,2,0.0
BK,6,2,2,0.5,4,3,0.0
BK,6,2,5,0.002,1,2,0.0
BK,6,2,5,0.002,1,3,0.0
BK,6,2,5,0.002,1,4,0.0
BK,6,2,5,0.002,2,1,92.53999999999918
BK,6,2,5,0.002,2,3,0.0
BK,6,2,5,0.002,2,4,0.0
BK,6,2,5,0.002,3,1,0.0
BK,6,2,5,0.002,3,2,0.0
BK,6,2,5,0.002,3,4,0.0
BK,6,2,5,0.002,4,1,12718.300000000001
BK,6,2,5,0.002,4,2,0.0
BK,6,2,5,0.002,4,3,0.0
BK,6,1,1,1.0,1,2,0.0
BK,6,1,1,1.0,1,3,0.0
BK,6,1,1,1.0,1,4,0.0
BK,6,1,1,1.0,2,1,0.0
BK,6,1,1,1.0,2,3,0.0
BK,6,1,1,1.0,2,4,0.0
BK,6,1,1,1.0,3,1,0.0
BK,6,1,1,1.0,3,2,0.0
BK,6,1,1,1.0,3,4,0.0
BK,6,1,1,1.0,4,1,10943.9
BK,6,1,1,1.0,4,2,0.0
BK,6,1,1,1.0,4,3,0.0
BK,7,4,4,1.0,1,2,0.0
BK,7,4,4,1.0,1,3,0.0
BK,7,4,4,1.0,1,4,0.0
BK,7,4,4,1.0,2,1,986.5400000000009
BK,7,4,4,1.0,2,3,0.0
BK,7,4,4,1.0,2,4,0.0
BK,7,4,4,1.0,3,1,0.0
BK,7,4,4,1.0,3,2,0.0
BK,7,4,4,1.0,3,4,0.0
BK,7,4,4,1.0,4,1,16725.02
BK,7,4,4,1.0,4,2,0.0
BK,7,4,4,1.0,4,3,0.0
BK,7,4,7,1.0,1,2,0.0
BK,7,4,7,1.0,1,3,0.0
BK,7,4,7,1.0,1,4,0.0
BK,7,4,7,1.0,2,1,980.1599999999994
BK,7,4,7,1.0,2,3,0.0
BK,7,4,7,1.0,2,4,0.0
BK,7,4,7,1.0,3,1,0.0
BK,7,4,7,1.0,3,2,0.0
BK,7,4,7,1.0,3,4,0.0
BK,7,4,7,1.0,4,1,16631.420000000002
BK,7,4,7,1.0,4,2,0.0
BK,7,4,7,1.0,4,3,0.0
BK,7,3,3,0.5,1,2,0.0
BK,7,3,3,0.5,1,3,0.0
BK,7,3,3,0.5,1,4,0.0
BK,7,3,3,0.5,2,1,0.0
BK,7,3,3,0.5,2,3,0.0
BK,7,3,3,0.5,2,4,0.0
BK,7,3,3,0.5,3,1,0.0
BK,7,3,3,0.5,3,2,0.0
BK,7,3,3,0.5,3,4,0.0
BK,7,3,3,0.5,4,1,16505.02
BK,7,3,3,0.5,4,2,0.0
BK,7,3,3,0.5,4,3,0.0
BK,7,3,6,1.0,1,2,0.0
BK,7,3,6,1.0,1,3,0.0
BK,7,3,6,1.0,1,4,0.0
BK,7,3,6,1.0,2,1,0.0
BK,7,3,6,1.0,2,3,0.0
BK,7,3,6,1.0,2,4,0.0
BK,7,3,6,1.0,3,1,0.0
BK,7,3,6,1.0,3,2,0.0
BK,7,3,6,1.0,3,4,0.0
BK,7,3,6,1.0,4,1,16449.82
BK,7,3,6,1.0,4,2,0.0
BK,7,3,6,1.0,4,3,0.0
BK,7,2,2,0.5,1,2,0.0
BK,7,2,2,0.5,1,3,0.0
BK,7,2,2,0.5,1,4,0.0
BK,7,2,2,0.5,2,1,90.91305912478472
BK,7,2,2,0.5,2,3,0.0
BK,7,2,2,0.5,2,4,0.0
BK,7,2,2,0.5,3,1,0.0
BK,7,2,2,0.5,3,2,0.0
BK,7,2,2,0.5,3,4,0.0
BK,7,2,2,0.5,4,1,12982.300000000001
BK,7,2,2,0.5,4,2,0.0
BK,7,2,2,0.5,4,3,0.0
BK,7,2,5,0.002,1,2,0.0
BK,7,2,5,0.002,1,3,0.0
BK,7,2,5,0.002,1,4,0.0
BK,7,2,5,0.002,2,1,-1.0004441719502212e-13
BK,7,2,5,0.002,2,3,92.5399999999994
BK,7,2,5,0.002,2,4,0.0
BK,7,2,5,0.002,3,1,0.0
BK,7,2,5,0.002,3,2,0.0
BK,7,2,5,0.002,3,4,0.0
BK,7,2,5,0.002,4,1,12718.300000000001
BK,7,2,5,0.002,4,2,-4.533262654149439e-14
BK,7,2,5,0.002,4,3,0.0
BK,7,1,1,1.0,1,2,0.0
BK,7,1,1,1.0,1,3,0.0
BK,7,1,1,1.0,1,4,0.0
BK,7,1,1,1.0,2,1,0.0
BK,7,1,1,1.0,2,3,0.0
BK,7,1,1,1.0,2,4,0.0
BK,7,1,1,1.0,3,1,0.0
BK,7,1,1,1.0,3,2,0.0
BK,7,1,1,1.0,3,4,0.0
BK,7,1,1,1.0,4,1,10943.9
BK,7,1,1,1.0,4,2,0.0
BK,7,1,1,1.0,4,3,0.0
BK,8,4,4,1.0,1,2,0.0
BK,8,4,4,1.0,1,3,0.0
BK,8,4,4,1.0,1,4,0.0
BK,8,4,4,1.0,2,1,986.5400000000009
BK,8,4,4,1.0,2,3,0.0
BK,8,4,4,1.0,2,4,0.0
BK,8,4,4,1.0,3,1,0.0
BK,8,4,4,1.0,3,2,0.0
BK,8,4,4,1.0,3,4,0.0
BK,8,4,4,1.0,4,1,16725.02
BK,8,4,4,1.0,4,2,0.0
BK,8,4,4,1.0,4,3,0.0
BK,8,4,7,1.0,1,2,0.0
BK,8,4,7,1.0,1,3,0.0
BK,8,4,7,1.0,1,4,0.0
BK,8,4,7,1.0,2,1,980.1599999999994
BK,8,4,7,1.0,2,3,0.0
BK,8,4,7,1.0,2,4,0.0
BK,8,4,7,1.0,3,1,0.0
BK,8,4,7,1.0,3,2,0.0
BK,8,4,7,1.0,3,4,0.0
BK,8,4,7,1.0,4,1,16631.420000000002
BK,8,4,7,1.0,4,2,0.0
BK,8,4,7,1.0,4,3,0.0
BK,8,3,3,0.5,1,2,0.0
BK,8,3,3,0.5,1,3,0.0
BK,8,3,3,0.5,1,4,0.0
BK,8,3,3,0.5,2,1,0.0
BK,8,3,3,0.5,2,3,0.0
BK,8,3,3,0.5,2,4,0.0
BK,8,3,3,0.5,3,1,0.0
BK,8,3,3,0.5,3,2,0.0
BK,8,3,3,0.5,3,4,0.0
BK,8,3,3,0.5,4,1,16505.02
BK,8,3,3,0.5,4,2,0.0
BK,8,3,3,0.5,4,3,0.0
BK,8,3,6,1.0,1,2,0.0
BK,8,3,6,1.0,1,3,0.0
BK,8,3,6,1.0,1,4,0.0
BK,8,3,6,1.0,2,1,0.0
BK,8,3,6,1.0,2,3,0.0
BK,8,3,6,1.0,2,4,0.0
BK,8,3,6,1.0,3,1,0.0
BK,8,3,6,1.0,3,2,0.0
BK,8,3,6,1.0,3,4,0.0
BK,8,3,6,1.0,4,1,16449.82
BK,8,3,6,1.0,4,2,0.0
BK,8,3,6,1.0,4,3,0.0
BK,8,2,2,0.5,1,2,0.0
BK,8,2,2,0.5,1,3,0.0
BK,8,2,2,0.5,1,4,0.0
BK,8,2,2,0.5,2,1,92.54000000000158
BK,8,2,2,0.5,2,3,0.0
BK,8,2,2,0.5,2,4,0.0
BK,8,2,2,0.5,3,1,0.0
BK,8,2,2,0.5,3,2,0.0
BK,8,2,2,0.5,3,4,0.0
BK,8,2,2,0.5,4,1,12982.300000000001
BK,8,2,2,0.5,4,2,0.0
BK,8,2,2,0.5,4,3,0.0
BK,8,2,5,0.002,1,2,0.0
BK,8,2,5,0.002,1,3,0.0
BK,8,2,5,0.002,1,4,0.0
BK,8,2,5,0.002,2,1,-1.0004441719502212e-13
BK,8,2,5,0.002,2,3,92.53999999999951
BK,8,2,5,0.002,2,4,0.0
BK,8,2,5,0.002,3,1,0.0
BK,8,2,5,0.002,3,2,0.0
BK,8,2,5,0.002,3,4,0.0
BK,8,2,5,0.002,4,1,12718.300000000001
BK,8,2,5,0.002,4,2,0.0
BK,8,2,5,0.002,4,3,0.0
BK,8,1,1,1.0,1,2,0.0
BK,8,1,1,1.0,1,3,0.0
BK,8,1,1,1.0,1,4,0.0
BK,8,1,1,1.0,2,1,0.0
BK,8,1,1,1.0,2,3,0.0
BK,8,1,1,1.0,2,4,0.0
BK,8,1,1,1.0,3,1,0.0
BK,8,1,1,1.0,3,2,0.0
BK,8,1,1,1.0,3,4,0.0
BK,8,1,1,1.0,4,1,10943.9
BK,8,1,1,1.0,4,2,0.0
BK,8,1,1,1.0,4,3,0.0
BK,9,4,4,1.0,1,2,0.0
BK,9,4,4,1.0,1,3,0.0
BK,9,4,4,1.0,1,4,0.0
BK,9,4,4,1.0,2,1,986.5400000000009
BK,9,4,4,1.0,2,3,0.0
BK,9,4,4,1.0,2,4,0.0
BK,9,4,4,1.0,3,1,0.0
BK,9,4,4,1.0,3,2,0.0
BK,9,4,4,1.0,3,4,0.0
BK,9,4,4,1.0,4,1,16725.02
BK,9,4,4,1.0,4,2,0.0
BK,9,4,4,1.0,4,3,0.0
BK,9,4,7,1.0,1,2,0.0
BK,9,4,7,1.0,1,3,0.0
BK,9,4,7,1.0,1,4,0.0
BK,9,4,7,1.0,2,1,980.1599999999994
BK,9,4,7,1.0,2,3,0.0
BK,9,4,7,1.0,2,4,0.0
BK,9,4,7,1.0,3,1,0.0
BK,9,4,7,1.0,3,2,0.0
BK,9,4,7,1.0,3,4,0.0
BK,9,4,7,1.0,4,1,16631.420000000002
BK,9,4,7,1.0,4,2,0.0
BK,9,4,7,1.0,4,3,0.0
BK,9,3,3,0.5,1,2,0.0
BK,9,3,3,0.5,1,3,0.0
BK,9,3,3,0.5,1,4,0.0
BK,9,3,3,0.5,2,1,0.0
BK,9,3,3,0.5,2,3,0.0
BK,9,3,3,0.5,2,4,0.0
BK,9,3,3,0.5,3,1,0.0
BK,9,3,3,0.5,3,2,0.0
BK,9,3,3,0.5,3,4,0.0
BK,9,3,3,0.5,4,1,16505.02
BK,9,3,3,0.5,4,2,0.0
BK,9,3,3,0.5,4,3,0.0
BK,9,3,6,1.0,1,2,0.0
BK,9,3,6,1.0,1,3,0.0
BK,9,3,6,1.0,1,4,0.0
BK,9,3,6,1.0,2,1,0.0
BK,9,3,6,1.0,2,3,0.0
BK,9,3,6,1.0,2,4,0.0
BK,9,3,6,1.0,3,1,0.0
BK,9,3,6,1.0,3,2,0.0
BK,9,3,6,1.0,3,4,0.0
BK,9,3,6,1.0,4,1,16449.82
BK,9,3,6,1.0,4,2,0.0
BK,9,3,6,1.0,4,3,0.0
BK,9,2,2,0.5,1,2,0.0
BK,9,2,2,0.5,1,3,0.0
BK,9,2,2,0.5,1,4,0.0
BK,9,2,2,0.5,2,1,92.54000000000158
BK,9,2,2,0.5,2,3,0.0
BK,9,2,2,0.5,2,4,0.0
BK,9,2,2,0.5,3,1,0.0
BK,9,2,2,0.5,3,2,0.0
BK,9,2,2,0.5,3,4,0.0
BK,9,2,2,0.5,4,1,12982.300000000001
BK,9,2,2,0.5,4,2,0.0
BK,9,2,2,0.5,4,3,0.0
BK,9,2,5,0.002,1,2,0.0
BK,9,2,5,0.002,1,3,0.0
BK,9,2,5,0.002,1,4,0.0
BK,9,2,5,0.002,2,1,92.53999999999918
BK,9,2,5,0.002,2,3,0.0
BK,9,2,5,0.002,2,4,0.0
BK,9,2,5,0.002,3,1,0.0
BK,9,2,5,0.002,3,2,0.0
BK,9,2,5,0.002,3,4,0.0
BK,9,2,5,0.002,4,1,12718.300000000001
BK,9,2,5,0.002,4,2,0.0
BK,9,2,5,0.002,4,3,0.0
BK,9,1,1,1.0,1,2,0.0
BK,9,1,1,1.0,1,3,0.0
BK,9,1,1,1.0,1,4,0.0
BK,9,1,1,1.0,2,1,0.0
BK,9,1,1,1.0,2,3,0.0
BK,9,1,1,1.0,2,4,0.0
BK,9,1,1,1.0,3,1,0.0
BK,9,1,1,1.0,3,2,0.0
BK,9,1,1,1.0,3,4,0.0
BK,9,1,1,1.0,4,1,10943.9
BK,9,1,1,1.0,4,2,0.0
BK,9,1,1,1.0,4,3,0.0
BK,10,4,4,1.0,1,2,0.0
BK,10,4,4,1.0,1,3,0.0
BK,10,4,4,1.0,1,4,0.0
BK,10,4,4,1.0,2,1,986.5400000000009
BK,10,4,4,1.0,2,3,0.0
BK,10,4,4,1.0,2,4,0.0
BK,10,4,4,1.0,3,1,0.0
BK,10,4,4,1.0,3,2,0.0
BK,10,4,4,1.0,3,4,0.0
BK,10,4,4,1.0,4,1,16725.02
BK,10,4,4,1.0,4,2,0.0
BK,10,4,4,1.0,4,3,0.0
BK,10,4,7,1.0,1,2,0.0
BK,10,4,7,1.0,1,3,0.0
BK,10,4,7,1.0,1,4,0.0
BK,10,4,7,1.0,2,1,980.1599999999994
BK,10,4,7,1.0,2,3,0.0
BK,10,4,7,1.0,2,4,0.0
BK,10,4,7,1.0,3,1,0.0
BK,10,4,7,1.0,3,2,0.0
BK,10,4,7,1.0,3,4,0.0
BK,10,4,7,1.0,4,1,16631.420000000002
BK,10,4,7,1.0,4,2,0.0
BK,10,4,7,1.0,4,3,0.0
BK,10,3,3,0.5,1,2,0.0
BK,10,3,3,0.5,1,3,0.0
BK,10,3,3,0.5,1,4,0.0
BK,10,3,3,0.5,2,1,0.0
BK,10,3,3,0.5,2,3,0.0
BK,10,3,3,0.5,2,4,0.0
BK,10,3,3,0.5,3,1,0.0
BK,10,3,3,0.5,3,2,0.0
BK,10,3,3,0.5,3,4,0.0
BK,10,3,3,0.5,4,1,16505.02
BK,10,3,3,0.5,4,2,0.0
BK,10,3,3,0.5,4,3,0.0
BK,10,3,6,1.0,1,2,0.0
BK,10,3,6,1.0,1,3,0.0
BK,10,3,6,1.0,1,4,0.0
BK,10,3,6,1.0,2,1,0.0
BK,10,3,6,1.0,2,3,0.0
BK,10,3,6,1.0,2,4,0.0
BK,10,3,6,1.0,3,1,0.0
BK,10,3,6,1.0,3,2,0.0
BK,10,3,6,1.0,3,4,0.0
BK,10,3,6,1.0,4,1,16449.82
BK,10,3,6,1.0,4,2,0.0
BK,10,3,6,1.0,4,3,0.0
BK,10,2,2,0.5,1,2,0.0
BK,10,2,2,0.5,1,3,0.0
BK,10,2,2,0.5,1,4,0.0
BK,10,2,2,0.5,2,1,83.42000000000067
BK,10,2,2,0.5,2,3,0.0
BK,10,2,2,0.5,2,4,0.0
BK,10,2,2,0.5,3,1,0.0
BK,10,2,2,0.5,3,2,0.0
BK,10,2,2,0.5,3,4,0.0
BK,10,2,2,0.5,4,1,12982.300000000001
BK,10,2,2,0.5,4,2,0.0
BK,10,2,2,0.5,4,3,0.0
BK,10,2,5,0.002,1,2,0.0
BK,10,2,5,0.002,1,3,0.0
BK,10,2,5,0.002,1,4,0.0
BK,10,2,5,0.002,2,1,-5.002220859751106e-13
BK,10,2,5,0.002,2,3,0.0
BK,10,2,5,0.002,2,4,0.0
BK,10,2,5,0.002,3,1,0.0
BK,10,2,5,0.002,3,2,0.0
BK,10,2,5,0.002,3,4,0.0
BK,10,2,5,0.002,4,1,12718.300000000001
BK,10,2,5,0.002,4,2,0.0
BK,10,2,5,0.002,4,3,0.0
BK,10,1,1,1.0,1,2,0.0
BK,10,1,1,1.0,1,3,0.0
BK,10,1,1,1.0,1,4,0.0
BK,10,1,1,1.0,2,1,0.0
BK,10,1,1,1.0,2,3,0.0
BK,10,1,1,1.0,2,4,0.0
BK,10,1,1,1.0,3,1,0.0
BK,10,1,1,1.0,3,2,0.0
BK,10,1,1,1.0,3,4,0.0
BK,10,1,1,1.0,4,1,10943.9
BK,10,1,1,1.0,4,2,0.0
BK,10,1,1,1.0,4,3,0.0
BK,11,4,4,1.0,1,2,0.0
BK,11,4,4,1.0,1,3,0.0
BK,11,4,4,1.0,1,4,0.0
BK,11,4,4,1.0,2,1,986.5400000000009
BK,11,4,4,1.0,2,3,0.0
BK,11,4,4,1.0,2,4,0.0
BK,11,4,4,1.0,3,1,0.0
BK,11,4,4,1.0,3,2,0.0
BK,11,4,4,1.0,3,4,0.0
BK,11,4,4,1.0,4,1,16725.02
BK,11,4,4,1.0,4,2,0.0
BK,11,4,4,1.0,4,3,0.0
BK,11,4,7,1.0,1,2,0.0
BK,11,4,7,1.0,1,3,0.0
BK,11,4,7,1.0,1,4,0.0
BK,11,4,7,1.0,2,1,986.5399999999997
BK,11,4,7,1.0,2,3,0.0
BK,11,4,7,1.0,2,4,0.0
BK,11,4,7,1.0,3,1,0.0
BK,11,4,7,1.0,3,2,0.0
BK,11,4,7,1.0,3,4,0.0
BK,11,4,7,1.0,4,1,16631.420000000002
BK,11,4,7,1.0,4,2,0.0
BK,11,4,7,1.0,4,3,0.0
BK,11,3,3,0.5,1,2,0.0
BK,11,3,3,0.5,1,3,0.0
BK,11,3,3,0.5,1,4,0.0
BK,11,3,3,0.5,2,1,0.0
BK,11,3,3,0.5,2,3,0.0
BK,11,3,3,0.5,2,4,0.0
BK,11,3,3,0.5,3,1,0.0
BK,11,3,3,0.5,3,2,0.0
BK,11,3,3,0.5,3,4,0.0
BK,11,3,3,0.5,4,1,16505.02
BK,11,3,3,0.5,4,2,0.0
BK,11,3,3,0.5,4,3,0.0
BK,11,3,6,1.0,1,2,0.0
BK,11,3,6,1.0,1,3,0.0
BK,11,3,6,1.0,1,4,0.0
BK,11,3,6,1.0,2,1,0.0
BK,11,3,6,1.0,2,3,0.0
BK,11,3,6,1.0,2,4,0.0
BK,11,3,6,1.0,3,1,0.0
BK,11,3,6,1.0,3,2,0.0
BK,11,3,6,1.0,3,4,0.0
BK,11,3,6,1.0,4,1,16449.82
BK,11,3,6,1.0,4,2,0.0
BK,11,3,6,1.0,4,3,0.0
BK,11,2,2,0.5,1,2,0.0
BK,11,2,2,0.5,1,3,0.0
BK,11,2,2,0.5,1,4,0.0
BK,11,2,2,0.5,2,1,83.42000000000067
BK,11,2,2,0.5,2,3,0.0
BK,11,2,2,0.5,2,4,0.0
BK,11,2,2,0.5,3,1,0.0
BK,11,2,2,0.5,3,2,0.0
BK,11,2,2,0.5,3,4,0.0
BK,11,2,2,0.5,4,1,12982.300000000001
BK,11,2,2,0.5,4,2,0.0
BK,11,2,2,0.5,4,3,0.0
BK,11,2,5,0.002,1,2,0.0
BK,11,2,5,0.002,1,3,0.0
BK,11,2,5,0.002,1,4,0.0
BK,11,2,5,0.002,2,1,-1.0004441719502212e-13
BK,11,2,5,0.002,2,3,0.0
BK,11,2,5,0.002,2,4,0.0
BK,11,2,5,0.002,3,1,0.0
BK,11,2,5,0.002,3,2,0.0
BK,11,2,5,0.002,3,4,0.0
BK,11,2,5,0.002,4,1,12718.300000000001
BK,11,2,5,0.002,4,2,0.0
BK,11,2,5,0.002,4,3,0.0
BK,11,1,1,1.0,1,2,0.0
BK,11,1,1,1.0,1,3,0.0
BK,11,1,1,1.0,1,4,0.0
BK,11,1,1,1.0,2,1,0.0
BK,11,1,1,1.0,2,3,0.0
BK,11,1,1,1.0,2,4,0.0
BK,11,1,1,1.0,3,1,0.0
BK,11,1,1,1.0,3,2,0.0
BK,11,1,1,1.0,3,4,0.0
BK,11,1,1,1.0,4,1,10943.9
BK,11,1,1,1.0,4,2,0.0
BK,11,1,1,1.0,4,3,0.0
BK,12,4,4,1.0,1,2,0.0
BK,12,4,4,1.0,1,3,0.0
BK,12,4,4,1.0,1,4,0.0
BK,12,4,4,1.0,2,1,986.5400000000009
BK,12,4,4,1.0,2,3,0.0
BK,12,4,4,1.0,2,4,0.0
BK,12,4,4,1.0,3,1,0.0
BK,12,4,4,1.0,3,2,0.0
BK,12,4,4,1.0,3,4,0.0
BK,12,4,4,1.0,4,1,16725.02
BK,12,4,4,1.0,4,2,0.0
BK,12,4,4,1.0,4,3,0.0
BK,12,4,7,1.0,1,2,0.0
BK,12,4,7,1.0,1,3,0.0
BK,12,4,7,1.0,1,4,0.0
BK,12,4,7,1.0,2,1,986.5399999999997
BK,12,4,7,1.0,2,3,0.0
BK,12,4,7,1.0,2,4,0.0
BK,12,4,7,1.0,3,1,0.0
BK,12,4,7,1.0,3,2,0.0
BK,12,4,7,1.0,3,4,0.0
BK,12,4,7,1.0,4,1,16631.420000000002
BK,12,4,7,1.0,4,2,0.0
BK,12,4,7,1.0,4,3,0.0
BK,12,3,3,0.5,1,2,0.0
BK,12,3,3,0.5,1,3,0.0
BK,12,3,3,0.5,1,4,0.0
BK,12,3,3,0.5,2,1,0.0
BK,12,3,3,0.5,2,3,0.0
BK,12,3,3,0.5,2,4,0.0
BK,12,3,3,0.5,3,1,0.0
BK,12,3,3,0.5,3,2,0.0
BK,12,3,3,0.5,3,4,0.0
BK,12,3,3,0.5,4,1,16505.02
BK,12,3,3,0.5,4,2,0.0
BK,12,3,3,0.5,4,3,0.0
BK,12,3,6,1.0,1,2,0.0
BK,12,3,6,1.0,1,3,0.0
BK,12,3,6,1.0,1,4,0.0
BK,12,3,6,1.0,2,1,0.0
BK,12,3,6,1.0,2,3,0.0
BK,12,3,6,1.0,2,4,0.0
BK,12,3,6,1.0,3,1,0.0
BK,12,3,6,1.0,3,2,0.0
BK,12,3,6,1.0,3,4,0.0
BK,12,3,6,1.0,4,1,16449.82
BK,12,3,6,1.0,4,2,0.0
BK,12,3,6,1.0,4,3,0.0
BK,12,2,2,0.5,1,2,0.0
BK,12,2,2,0.5,1,3,0.0
BK,12,2,2,0.5,1,4,0.0
BK,12,2,2,0.5,2,1,92.54000000000158
BK,12,2,2,0.5,2,3,0.0
BK,12,2,2,0.5,2,4,0.0
BK,12,2,2,0.5,3,1,0.0
BK,12,2,2,0.5,3,2,0.0
BK,12,2,2,0.5,3,4,0.0
BK,12,2,2,0.5,4,1,12982.300000000001
BK,12,2,2,0.5,4,2,0.0
BK,12,2,2,0.5,4,3,0.0
BK,12,2,5,0.002,1,2,0.0
BK,12,2,5,0.002,1,3,0.0
BK,12,2,5,0.002,1,4,0.0
BK,12,2,5,0.002,2,1,-1.0004441719502212e-13
BK,12,2,5,0.002,2,3,0.0
BK,12,2,5,0.002,2,4,0.0
BK,12,2,5,0.002,3,1,0.0
BK,12,2,5,0.002,3,2,0.0
BK,12,2,5,0.002,3,4,0.0
BK,12,2,5,0.002,4,1,12718.300000000001
BK,12,2,5,0.002,4,2,0.0
BK,12,2,5,0.002,4,3,0.0
BK,12,1,1,1.0,1,2,0.0
BK,12,1,1,1.0,1,3,0.0
BK,12,1,1,1.0,1,4,0.0
BK,12,1,1,1.0,2,1,0.0
BK,12,1,1,1.0,2,3,0.0
BK,12,1,1,1.0,2,4,0.0
BK,12,1,1,1.0,3,1,0.0
BK,12,1,1,1.0,3,2,0.0
BK,12,1,1,1.0,3,4,0.0
BK,12,1,1,1.0,4,1,10943.9
BK,12,1,1,1.0,4,2,0.0
BK,12,1,1,1.0,4,3,0.0
BK,13,4,4,1.0,1,2,0.0
BK,13,4,4,1.0,1,3,0.0
BK,13,4,4,1.0,1,4,0.0
BK,13,4,4,1.0,2,1,986.5400000000009
BK,13,4,4,1.0,2,3,0.0
BK,13,4,4,1.0,2,4,0.0
BK,13,4,4,1.0,3,1,0.0
BK,13,4,4,1.0,3,2,0.0
BK,13,4,4,1.0,3,4,0.0
BK,13,4,4,1.0,4,1,16725.02
BK,13,4,4,1.0,4,2,0.0
BK,13,4,4,1.0,4,3,0.0
BK,13,4,7,1.0,1,2,0.0
BK,13,4,7,1.0,1,3,0.0
BK,13,4,7,1.0,1,4,0.0
BK,13,4,7,1.0,2,1,986.5399999999997
BK,13,4,7,1.0,2,3,0.0
BK,13,4,7,1.0,2,4,0.0
BK,13,4,7,1.0,3,1,0.0
BK,13,4,7,1.0,3,2,0.0
BK,13,4,7,1.0,3,4,0.0
BK,13,4,7,1.0,4,1,16631.420000000002
BK,13,4,7,1.0,4,2,0.0
BK,13,4,7,1.0,4,3,0.0
BK,13,3,3,0.5,1,2,0.0
BK,13,3,3,0.5,1,3,0.0
BK,13,3,3,0.5,1,4,0.0
BK,13,3,3,0.5,2,1,0.0
BK,13,3,3,0.5,2,3,0.0
BK,13,3,3,0.5,2,4,0.0
BK,13,3,3,0.5,3,1,0.0
BK,13,3,3,0.5,3,2,0.0
BK,13,3,3,0.5,3,4,0.0
BK,13,3,3,0.5,4,1,16505.02
BK,13,3,3,0.5,4,2,0.0
BK,13,3,3,0.5,4,3,0.0
BK,13,3,6,1.0,1,2,0.0
BK,13,3,6,1.0,1,3,0.0
BK,13,3,6,1.0,1,4,0.0
BK,13,3,6,1.0,2,1,0.0
BK,13,3,6,1.0,2,3,0.0
BK,13,3,6,1.0,2,4,0.0
BK,13,3,6,1.0,3,1,0.0
BK,13,3,6,1.0,3,2,0.0
BK,13,3,6,1.0,3,4,0.0
BK,13,3,6,1.0,4,1,16449.82
BK,13,3,6,1.0,4,2,0.0
BK,13,3,6,1.0,4,3,0.0
BK,13,2,2,0.5,1,2,0.0
BK,13,2,2,0.5,1,3,0.0
BK,13,2,2,0.5,1,4,0.0
BK,13,2,2,0.5,2,1,92.54000000000158
BK,13,2,2,0.5,2,3,0.0
BK,13,2,2,0.5,2,4,0.0
BK,13,2,2,0.5,3,1,0.0
BK,13,2,2,0.5,3,2,0.0
BK,13,2,2,0.5,3,4,0.0
BK,13,2,2,0.5,4,1,12982.300000000001
BK,13,2,2,0.5,4,2,0.0
BK,13,2,2,0.5,4,3,0.0
BK,13,2,5,0.002,1,2,0.0
BK,13,2,5,0.002,1,3,0.0
BK,13,2,5,0.002,1,4,0.0
BK,13,2,5,0.002,2,1,-1.0004441719502212e-13
BK,13,2,5,0.002,2,3,0.0
BK,13,2,5,0.002,2,4,0.0
BK,13,2,5,0.002,3,1,0.0
BK,13,2,5,0.002,3,2,0.0
BK,13,2,5,0.002,3,4,0.0
BK,13,2,5,0.002,4,1,12718.300000000001
BK,13,2,5,0.002,4,2,0.0
BK,13,2,5,0.002,4,3,0.0
BK,13,1,1,1.0,1,2,0.0
BK,13,1,1,1.0,1,3,0.0
BK,13,1,1,1.0,1,4,0.0
BK,13,1,1,1.0,2,1,0.0
BK,13,1,1,1.0,2,3,0.0
BK,13,1,1,1.0,2,4,0.0
BK,13,1,1,1.0,3,1,0.0
BK,13,1,1,1.0,3,2,0.0
BK,13,1,1,1.0,3,4,0.0
BK,13,1,1,1.0,4,1,10943.9
BK,13,1,1,1.0,4,2,0.0
BK,13,1,1,1.0,4,3,0.0
BK,14,4,4,1.0,1,2,0.0
BK,14,4,4,1.0,1,3,0.0
BK,14,4,4,1.0,1,4,0.0
BK,14,4,4,1.0,2,1,986.5400000000009
BK,14,4,4,1.0,2,3,0.0
BK,14,4,4,1.0,2,4,0.0
BK,14,4,4,1.0,3,1,0.0
BK,14,4,4,1.0,3,2,0.0
BK,14,4,4,1.0,3,4,0.0
BK,14,4,4,1.0,4,1,16725.02
BK,14,4,4,1.0,4,2,0.0
BK,14,4,4,1.0,4,3,0.0
BK,14,4,7,1.0,1,2,0.0
BK,14,4,7,1.0,1,3,0.0
BK,14,4,7,1.0,1,4,0.0
BK,14,4,7,1.0,2,1,986.5399999999997
BK,14,4,7,1.0,2,3,0.0
BK,14,4,7,1.0,2,4,0.0
BK,14,4,7,1.0,3,1,0.0
BK,14,4,7,1.0,3,2,0.0
BK,14,4,7,1.0,3,4,0.0
BK,14,4,7,1.0,4,1,16631.420000000002
BK,14,4,7,1.0,4,2,0.0
BK,14,4,7,1.0,4,3,0.0
BK,14,3,3,0.5,1,2,0.0
BK,14,3,3,0.5,1,3,0.0
BK,14,3,3,0.5,1,4,0.0
BK,14,3,3,0.5,2,1,0.0
BK,14,3,3,0.5,2,3,0.0
BK,14,3,3,0.5,2,4,0.0
BK,14,3,3,0.5,3,1,0.0
BK,14,3,3,0.5,3,2,0.0
BK,14,3,3,0.5,3,4,0.0
BK,14,3,3,0.5,4,1,16505.02
BK,14,3,3,0.5,4,2,0.0
BK,14,3,3,0.5,4,3,0.0
BK,14,3,6,1.0,1,2,0.0
BK,14,3,6,1.0,1,3,0.0
BK,14,3,6,1.0,1,4,0.0
BK,14,3,6,1.0,2,1,0.0
BK,14,3,6,1.0,2,3,0.0
BK,14,3,6,1.0,2,4,0.0
BK,14,3,6,1.0,3,1,0.0
BK,14,3,6,1.0,3,2,0.0
BK,14,3,6,1.0,3,4,0.0
BK,14,3,6,1.0,4,1,16449.82
BK,14,3,6,1.0,4,2,0.0
BK,14,3,6,1.0,4,3,0.0
BK,14,2,2,0.5,1,2,0.0
BK,14,2,2,0.5,1,3,0.0
BK,14,2,2,0.5,1,4,0.0
BK,14,2,2,0.5,2,1,92.51276711709282
BK,14,2,2,0.5,2,3,0.0
BK,14,2,2,0.5,2,4,0.0
BK,14,2,2,0.5,3,1,0.0
BK,14,2,2,0.5,3,2,0.0
BK,14,2,2,0.5,3,4,0.0
BK,14,2,2,0.5,4,1,12982.300000000001
BK,14,2,2,0.5,4,2,0.0
BK,14,2,2,0.5,4,3,0.0
BK,14,2,5,0.002,1,2,0.0
BK,14,2,5,0.002,1,3,0.0
BK,14,2,5,0.002,1,4,0.0
BK,14,2,5,0.002,2,1,-1.0004441719502212e-13
BK,14,2,5,0.002,2,3,0.0
BK,14,2,5,0.002,2,4,0.0
BK,14,2,5,0.002,3,1,0.0
BK,14,2,5,0.002,3,2,0.0
BK,14,2,5,0.002,3,4,0.0
BK,14,2,5,0.002,4,1,12718.300000000001
BK,14,2,5,0.002,4,2,0.0
BK,14,2,5,0.002,4,3,0.0
BK,14,1,1,1.0,1,2,0.0
BK,14,1,1,1.0,1,3,0.0
BK,14,1,1,1.0,1,4,0.0
BK,14,1,1,1.0,2,1,0.0
BK,14,1,1,1.0,2,3,0.0
BK,14,1,1,1.0,2,4,0.0
BK,14,1,1,1.0,3,1,0.0
BK,14,1,1,1.0,3,2,0.0
BK,14,1,1,1.0,3,4,0.0
BK,14,1,1,1.0,4,1,10943.9
BK,14,1,1,1.0,4,2,0.0
BK,14,1,1,1.0,4,3,0.0
BK,15,4,4,1.0,1,2,0.0
BK,15,4,4,1.0,1,3,0.0
BK,15,4,4,1.0,1,4,0.0
BK,15,4,4,1.0,2,1,986.5400000000009
BK,15,4,4,1.0,2,3,0.0
BK,15,4,4,1.0,2,4,0.0
BK,15,4,4,1.0,3,1,0.0
BK,15,4,4,1.0,3,2,0.0
BK,15,4,4,1.0,3,4,0.0
BK,15,4,4,1.0,4,1,16725.02
BK,15,4,4,1.0,4,2,0.0
BK,15,4,4,1.0,4,3,0.0
BK,15,4,7,1.0,1,2,0.0
BK,15,4,7,1.0,1,3,0.0
BK,15,4,7,1.0,1,4,0.0
BK,15,4,7,1.0,2,1,986.5399999999997
BK,15,4,7,1.0,2,3,0.0
BK,15,4,7,1.0,2,4,0.0
BK,15,4,7,1.0,3,1,0.0
BK,15,4,7,1.0,3,2,0.0
BK,15,4,7,1.0,3,4,0.0
BK,15,4,7,1.0,4,1,16631.420000000002
BK,15,4,7,1.0,4,2,0.0
BK,15,4,7,1.0,4,3,0.0
BK,15,3,3,0.5,1,2,0.0
BK,15,3,3,0.5,1,3,0.0
BK,15,3,3,0.5,1,4,0.0
BK,15,3,3,0.5,2,1,0.0
BK,15,3,3,0.5,2,3,0.0
BK,15,3,3,0.5,2,4,0.0
BK,15,3,3,0.5,3,1,0.0
BK,15,3,3,0.5,3,2,0.0
BK,15,3,3,0.5,3,4,0.0
BK,15,3,3,0.5,4,1,16505.02
BK,15,3,3,0.5,4,2,0.0
BK,15,3,3,0.5,4,3,0.0
BK,15,3,6,1.0,1,2,0.0
BK,15,3,6,1.0,1,3,0.0
BK,15,3,6,1.0,1,4,0.0
BK,15,3,6,1.0,2,1,0.0
BK,15,3,6,1.0,2,3,0.0
BK,15,3,6,1.0,2,4,0.0
BK,15,3,6,1.0,3,1,0.0
BK,15,3,6,1.0,3,2,0.0
BK,15,3,6,1.0,3,4,0.0
BK,15,3,6,1.0,4,1,16449.82
BK,15,3,6,1.0,4,2,0.0
BK,15,3,6,1.0,4,3,0.0
BK,15,2,2,0.5,1,2,0.0
BK,15,2,2,0.5,1,3,0.0
BK,15,2,2,0.5,1,4,0.0
BK,15,2,2,0.5,2,1,92.51276711709282
BK,15,2,2,0.5,2,3,0.0
BK,15,2,2,0.5,2,4,0.0
BK,15,2,2,0.5,3,1,0.0
BK,15,2,2,0.5,3,2,0.0
BK,15,2,2,0.5,3,4,0.0
BK,15,2,2,0.5,4,1,12982.300000000001
BK,15,2,2,0.5,4,2,0.0
BK,15,2,2,0.5,4,3,0.0
BK,15,2,5,0.002,1,2,0.0
BK,15,2,5,0.002,1,3,0.0
BK,15,2,5,0.002,1,4,0.0
BK,15,2,5,0.002,2,1,-1.0004441719502212e-13
BK,15,2,5,0.002,2,3,0.0
BK,15,2,5,0.002,2,4,0.0
BK,15,2,5,0.002,3,1,0.0
BK,15,2,5,0.002,3,2,0.0
BK,15,2,5,0.002,3,4,0.0
BK,15,2,5,0.002,4,1,12718.300000000001
BK,15,2,5,0.002,4,2,0.0
BK,15,2,5,0.002,4,3,0.0
BK,15,1,1,1.0,1,2,0.0
BK,15,1,1,1.0,1,3,0.0
BK,15,1,1,1.0,1,4,0.0
BK,15,1,1,1.0,2,1,0.0
BK,15,1,1,1.0,2,3,0.0
BK,15,1,1,1.0,2,4,0.0
BK,15,1,1,1.0,3,1,0.0
BK,15,1,1,1.0,3,2,0.0
BK,15,1,1,1.0,3,4,0.0
BK,15,1,1,1.0,4,1,10943.9
BK,15,1,1,1.0,4,2,0.0
BK,15,1,1,1.0,4,3,0.0
BK,16,4,4,1.0,1,2,0.0
BK,16,4,4,1.0,1,3,0.0
BK,16,4,4,1.0,1,4,0.0
BK,16,4,4,1.0,2,1,986.5400000000009
BK,16,4,4,1.0,2,3,0.0
BK,16,4,4,1.0,2,4,0.0
BK,16,4,4,1.0,3,1,0.0
BK,16,4,4,1.0,3,2,0.0
BK,16,4,4,1.0,3,4,0.0
BK,16,4,4,1.0,4,1,16725.02
BK,16,4,4,1.0,4,2,0.0
BK,16,4,4,1.0,4,3,0.0
BK,16,4,7,1.0,1,2,0.0
BK,16,4,7,1.0,1,3,0.0
BK,16,4,7,1.0,1,4,0.0
BK,16,4,7,1.0,2,1,986.5399999999997
BK,16,4,7,1.0,2,3,0.0
BK,16,4,7,1.0,2,4,0.0
BK,16,4,7,1.0,3,1,0.0
BK,16,4,7,1.0,3,2,0.0
BK,16,4,7,1.0,3,4,0.0
BK,16,4,7,1.0,4,1,16631.420000000002
BK,16,4,7,1.0,4,2,0.0
BK,16,4,7,1.0,4,3,0.0
BK,16,3,3,0.5,1,2,0.0
BK,16,3,3,0.5,1,3,0.0
BK,16,3,3,0.5,1,4,0.0
BK,16,3,3,0.5,2,1,0.0
BK,16,3,3,0.5,2,3,0.0
BK,16,3,3,0.5,2,4,0.0
BK,16,3,3,0.5,3,1,0.0
BK,16,3,3,0.5,3,2,0.0
BK,16,3,3,0.5,3,4,0.0
BK,16,3,3,0.5,4,1,16505.02
BK,16,3,3,0.5,4,2,0.0
BK,16,3,3,0.5,4,3,0.0
BK,16,3,6,1.0,1,2,0.0
BK,16,3,6,1.0,1,3,0.0
BK,16,3,6,1.0,1,4,0.0
BK,16,3,6,1.0,2,1,0.0
BK,16,3,6,1.0,2,3,0.0
BK,16,3,6,1.0,2,4,0.0
BK,16,3,6,1.0,3,1,0.0
BK,16,3,6,1.0,3,2,0.0
BK,16,3,6,1.0,3,4,0.0
BK,16,3,6,1.0,4,1,16449.82
BK,16,3,6,1.0,4,2,0.0
BK,16,3,6,1.0,4,3,0.0
BK,16,2,2,0.5,1,2,0.0
BK,16,2,2,0.5,1,3,0.0
BK,16,2,2,0.5,1,4,0.0
BK,16,2,2,0.5,2,1,92.54000005445977
BK,16,2,2,0.5,2,3,0.0
BK,16,2,2,0.5,2,4,0.0
BK,16,2,2,0.5,3,1,0.0
BK,16,2,2,0.5,3,2,0.0
BK,16,2,2,0.5,3,4,0.0
BK,16,2,2,0.5,4,1,12982.300000000001
BK,16,2,2,0.5,4,2,0.0
BK,16,2,2,0.5,4,3,0.0
BK,16,2,5,0.002,1,2,0.0
BK,16,2,5,0.002,1,3,0.0
BK,16,2,5,0.002,1,4,0.0
BK,16,2,5,0.002,2,1,-1.0004441719502212e-13
BK,16,2,5,0.002,2,3,0.0
BK,16,2,5,0.002,2,4,0.0
BK,16,2,5,0.002,3,1,0.0
BK,16,2,5,0.002,3,2,0.0
BK,16,2,5,0.002,3,4,0.0
BK,16,2,5,0.002,4,1,12718.300000000001
BK,16,2,5,0.002,4,2,0.0
BK,16,2,5,0.002,4,3,0.0
BK,16,1,1,1.0,1,2,0.0
BK,16,1,1,1.0,1,3,0.0
BK,16,1,1,1.0,1,4,0.0
BK,16,1,1,1.0,2,1,0.0
BK,16,1,1,1.0,2,3,0.0
BK,16,1,1,1.0,2,4,0.0
BK,16,1,1,1.0,3,1,0.0
BK,16,1,1,1.0,3,2,0.0
BK,16,1,1,1.0,3,4,0.0
BK,16,1,1,1.0,4,1,10943.9
BK,16,1,1,1.0,4,2,0.0
BK,16,1,1,1.0,4,3,0.0
BK,17,4,4,1.0,1,2,0.0
BK,17,4,4,1.0,1,3,0.0
BK,17,4,4,1.0,1,4,0.0
BK,17,4,4,1.0,2,1,986.5400000000009
BK,17,4,4,1.0,2,3,0.0
BK,17,4,4,1.0,2,4,0.0
BK,17,4,4,1.0,3,1,0.0
BK,17,4,4,1.0,3,2,0.0
BK,17,4,4,1.0,3,4,0.0
BK,17,4,4,1.0,4,1,16725.02
BK,17,4,4,1.0,4,2,0.0
BK,17,4,4,1.0,4,3,0.0
BK,17,4,7,1.0,1,2,0.0
BK,17,4,7,1.0,1,3,0.0
BK,17,4,7,1.0,1,4,0.0
BK,17,4,7,1.0,2,1,986.5399999999997
BK,17,4,7,1.0,2,3,0.0
BK,17,4,7,1.0,2,4,0.0
BK,17,4,7,1.0,3,1,0.0
BK,17,4,7,1.0,3,2,0.0
BK,17,4,7,1.0,3,4,0.0
BK,17,4,7,1.0,4,1,16631.420000000002
BK,17,4,7,1.0,4,2,0.0
BK,17,4,7,1.0,4,3,0.0
BK,17,3,3,0.5,1,2,0.0
BK,17,3,3,0.5,1,3,0.0
BK,17,3,3,0.5,1,4,0.0
BK,17,3,3,0.5,2,1,0.0
BK,17,3,3,0.5,2,3,0.0
BK,17,3,3,0.5,2,4,0.0
BK,17,3,3,0.5,3,1,0.0
BK,17,3,3,0.5,3,2,0.0
BK,17,3,3,0.5,3,4,0.0
BK,17,3,3,0.5,4,1,16505.02
BK,17,3,3,0.5,4,2,0.0
BK,17,3,3,0.5,4,3,0.0
BK,17,3,6,1.0,1,2,0.0
BK,17,3,6,1.0,1,3,0.0
BK,17,3,6,1.0,1,4,0.0
BK,17,3,6,1.0,2,1,0.0
BK,17,3,6,1.0,2,3,0.0
BK,17,3,6,1.0,2,4,0.0
BK,17,3,6,1.0,3,1,0.0
BK,17,3,6,1.0,3,2,0.0
BK,17,3,6,1.0,3,4,0.0
BK,17,3,6,1.0,4,1,16449.82
BK,17,3,6,1.0,4,2,0.0
BK,17,3,6,1.0,4,3,0.0
BK,17,2,2,0.5,1,2,0.0
BK,17,2,2,0.5,1,3,0.0
BK,17,2,2,0.5,1,4,0.0
BK,17,2,2,0.5,2,1,92.54000005445977
BK,17,2,2,0.5,2,3,0.0
BK,17,2,2,0.5,2,4,0.0
BK,17,2,2,0.5,3,1,0.0
BK,17,2,2,0.5,3,2,0.0
BK,17,2,2,0.5,3,4,0.0
BK,17,2,2,0.5,4,1,12982.300000000001
BK,17,2,2,0.5,4,2,0.0
BK,17,2,2,0.5,4,3,0.0
BK,17,2,5,0.002,1,2,0.0
BK,17,2,5,0.002,1,3,0.0
BK,17,2,5,0.002,1,4,0.0
BK,17,2,5,0.002,2,1,0.0
BK,17,2,5,0.002,2,3,0.0
BK,17,2,5,0.002,2,4,0.0
BK,17,2,5,0.002,3,1,0.0
BK,17,2,5,0.002,3,2,0.0
BK,17,2,5,0.002,3,4,0.0
BK,17,2,5,0.002,4,1,12718.300000000001
BK,17,2,5,0.002,4,2,0.0
BK,17,2,5,0.002,4,3,0.0
BK,17,1,1,1.0,1,2,0.0
BK,17,1,1,1.0,1,3,0.0
BK,17,1,1,1.0,1,4,0.0
BK,17,1,1,1.0,2,1,0.0
BK,17,1,1,1.0,2,3,0.0
BK,17,1,1,1.0,2,4,0.0
BK,17,1,1,1.0,3,1,0.0
BK,17,1,1,1.0,3,2,0.0
BK,17,1,1,1.0,3,4,0.0
BK,17,1,1,1.0,4,1,10943.9
BK,17,1,1,1.0,4,2,0.0
BK,17,1,1,1.0,4,3,0.0
BK,18,4,4,1.0,1,2,0.0
BK,18,4,4,1.0,1,3,0.0
BK,18,4,4,1.0,1,4,0.0
BK,18,4,4,1.0,2,1,986.5400000000009
BK,18,4,4,1.0,2,3,0.0
BK,18,4,4,1.0,2,4,0.0
BK,18,4,4,1.0,3,1,0.0
BK,18,4,4,1.0,3,2,0.0
BK,18,4,4,1.0,3,4,0.0
BK,18,4,4,1.0,4,1,16725.02
BK,18,4,4,1.0,4,2,0.0
BK,18,4,4,1.0,4,3,0.0
BK,18,4,7,1.0,1,2,0.0
BK,18,4,7,1.0,1,3,0.0
BK,18,4,7,1.0,1,4,0.0
BK,18,4,7,1.0,2,1,986.5399999999997
BK,18,4,7,1.0,2,3,0.0
BK,18,4,7,1.0,2,4,0.0
BK,18,4,7,1.0,3,1,0.0
BK,18,4,7,1.0,3,2,0.0
BK,18,4,7,1.0,3,4,0.0
BK,18,4,7,1.0,4,1,16631.420000000002
BK,18,4,7,1.0,4,2,0.0
BK,18,4,7,1.0,4,3,0.0
BK,18,3,3,0.5,1,2,0.0
BK,18,3,3,0.5,1,3,0.0
BK,18,3,3,0.5,1,4,0.0
BK,18,3,3,0.5,2,1,0.0
BK,18,3,3,0.5,2,3,0.0
BK,18,3,3,0.5,2,4,0.0
BK,18,3,3,0.5,3,1,0.0
BK,18,3,3,0.5,3,2,0.0
BK,18,3,3,0.5,3,4,0.0
BK,18,3,3,0.5,4,1,16505.02
BK,18,3,3,0.5,4,2,0.0
BK,18,3,3,0.5,4,3,0.0
BK,18,3,6,1.0,1,2,0.0
BK,18,3,6,1.0,1,3,0.0
BK,18,3,6,1.0,1,4,0.0
BK,18,3,6,1.0,2,1,0.0
BK,18,3,6,1.0,2,3,0.0
BK,18,3,6,1.0,2,4,0.0
BK,18,3,6,1.0,3,1,0.0
BK,18,3,6,1.0,3,2,0.0
BK,18,3,6,1.0,3,4,0.0
BK,18,3,6,1.0,4,1,16449.82
BK,18,3,6,1.0,4,2,0.0
BK,18,3,6,1.0,4,3,0.0
BK,18,2,2,0.5,1,2,0.0
BK,18,2,2,0.5,1,3,0.0
BK,18,2,2,0.5,1,4,0.0
BK,18,2,2,0.5,2,1,92.54000005445977
BK,18,2,2,0.5,2,3,0.0
BK,18,2,2,0.5,2,4,0.0
BK,18,2,2,0.5,3,1,0.0
BK,18,2,2,0.5,3,2,0.0
BK,18,2,2,0.5,3,4,0.0
BK,18,2,2,0.5,4,1,12982.300000000001
BK,18,2,2,0.5,4,2,0.0
BK,18,2,2,0.5,4,3,0.0
BK,18,2,5,0.002,1,2,0.0
BK,18,2,5,0.002,1,3,0.0
BK,18,2,5,0.002,1,4,0.0
BK,18,2,5,0.002,2,1,-5.002220859751106e-13
BK,18,2,5,0.002,2,3,0.0
BK,18,2,5,0.002,2,4,0.0
BK,18,2,5,0.002,3,1,0.0
BK,18,2,5,0.002,3,2,0.0
BK,18,2,5,0.002,3,4,0.0
BK,18,2,5,0.002,4,1,12718.300000000001
BK,18,2,5,0.002,4,2,0.0
BK,18,2,5,0.002,4,3,0.0
BK,18,1,1,1.0,1,2,0.0
BK,18,1,1,1.0,1,3,0.0
BK,18,1,1,1.0,1,4,0.0
BK,18,1,1,1.0,2,1,0.0
BK,18,1,1,1.0,2,3,0.0
BK,18,1,1,1.0,2,4,0.0
BK,18,1,1,1.0,3,1,0.0
BK,18,1,1,1.0,3,2,0.0
BK,18,1,1,1.0,3,4,0.0
BK,18,1,1,1.0,4,1,10943.9
BK,18,1,1,1.0,4,2,0.0
BK,18,1,1,1.0,4,3,0.0
BK,19,4,4,1.0,1,2,0.0
BK,19,4,4,1.0,1,3,0.0
BK,19,4,4,1.0,1,4,0.0
BK,19,4,4,1.0,2,1,986.5400000000009
BK,19,4,4,1.0,2,3,0.0
BK,19,4,4,1.0,2,4,0.0
BK,19,4,4,1.0,3,1,0.0
BK,19,4,4,1.0,3,2,0.0
BK,19,4,4,1.0,3,4,0.0
BK,19,4,4,1.0,4,1,16725.02
BK,19,4,4,1.0,4,2,0.0
BK,19,4,4,1.0,4,3,0.0
BK,19,4,7,1.0,1,2,0.0
BK,19,4,7,1.0,1,3,0.0
BK,19,4,7,1.0,1,4,0.0
BK,19,4,7,1.0,2,1,986.5399999999997
BK,19,4,7,1.0,2,3,0.0
BK,19,4,7,1.0,2,4,0.0
BK,19,4,7,1.0,3,1,0.0
BK,19,4,7,1.0,3,2,0.0
BK,19,4,7,1.0,3,4,0.0
BK,19,4,7,1.0,4,1,16631.420000000002
BK,19,4,7,1.0,4,2,0.0
BK,19,4,7,1.0,4,3,0.0
BK,19,3,3,0.5,1,2,0.0
BK,19,3,3,0.5,1,3,0.0
BK,19,3,3,0.5,1,4,0.0
BK,19,3,3,0.5,2,1,0.0
BK,19,3,3,0.5,2,3,0.0
BK,19,3,3,0.5,2,4,0.0
BK,19,3,3,0.5,3,1,0.0
BK,19,3,3,0.5,3,2,0.0
BK,19,3,3,0.5,3,4,0.0
BK,19,3,3,0.5,4,1,16505.02
BK,19,3,3,0.5,4,2,0.0
BK,19,3,3,0.5,4,3,0.0
BK,19,3,6,1.0,1,2,0.0
BK,19,3,6,1.0,1,3,0.0
BK,19,3,6,1.0,1,4,0.0
BK,19,3,6,1.0,2,1,0.0
BK,19,3,6,1.0,2,3,0.0
BK,19,3,6,1.0,2,4,0.0
BK,19,3,6,1.0,3,1,0.0
BK,19,3,6,1.0,3,2,0.0
BK,19,3,6,1.0,3,4,0.0
BK,19,3,6,1.0,4,1,16449.82
BK,19,3,6,1.0,4,2,0.0
BK,19,3,6,1.0,4,3,0.0
BK,19,2,2,0.5,1,2,0.0
BK,19,2,2,0.5,1,3,0.0
BK,19,2,2,0.5,1,4,0.0
BK,19,2,2,0.5,2,1,92.54000005445977
BK,19,2,2,0.5,2,3,0.0
BK,19,2,2,0.5,2,4,0.0
BK,19,2,2,0.5,3,1,0.0
BK,19,2,2,0.5,3,2,0.0
BK,19,2,2,0.5,3,4,0.0
BK,19,2,2,0.5,4,1,12982.300000000001
BK,19,2,2,0.5,4,2,0.0
BK,19,2,2,0.5,4,3,0.0
BK,19,2,5,0.002,1,2,0.0
BK,19,2,5,0.002,1,3,0.0
BK,19,2,5,0.002,1,4,0.0
BK,19,2,5,0.002,2,1,6.048139766789973e-11
BK,19,2,5,0.002,2,3,0.0
BK,19,2,5,0.002,2,4,0.0
BK,19,2,5,0.002,3,1,0.0
BK,19,2,5,0.002,3,2,0.0
BK,19,2,5,0.002,3,4,0.0
BK,19,2,5,0.002,4,1,12718.300000000001
BK,19,2,5,0.002,4,2,0.0
BK,19,2,5,0.002,4,3,0.0
BK,19,1,1,1.0,1,2,0.0
BK,19,1,1,1.0,1,3,0.0
BK,19,1,1,1.0,1,4,0.0
BK,19,1,1,1.0,2,1,0.0
BK,19,1,1,1.0,2,3,0.0
BK,19,1,1,1.0,2,4,0.0
BK,19,1,1,1.0,3,1,0.0
BK,19,1,1,1.0,3,2,0.0
BK,19,1,1,1.0,3,4,0.0
BK,19,1,1,1.0,4,1,10943.9
BK,19,1,1,1.0,4,2,0.0
BK,19,1,1,1.0,4,3,0.0
BK,20,4,4,1.0,1,2,0.0
BK,20,4,4,1.0,1,3,0.0
BK,20,4,4,1.0,1,4,0.0
BK,20,4,4,1.0,2,1,986.5400000000009
BK,20,4,4,1.0,2,3,0.0
BK,20,4,4,1.0,2,4,0.0
BK,20,4,4,1.0,3,1,0.0
BK,20,4,4,1.0,3,2,0.0
BK,20,4,4,1.0,3,4,0.0
BK,20,4,4,1.0,4,1,16725.02
BK,20,4,4,1.0,4,2,0.0
BK,20,4,4,1.0,4,3,0.0
BK,20,4,7,1.0,1,2,0.0
BK,20,4,7,1.0,1,3,0.0
BK,20,4,7,1.0,1,4,0.0
BK,20,4,7,1.0,2,1,986.5399999999997
BK,20,4,7,1.0,2,3,0.0
BK,20,4,7,1.0,2,4,0.0
BK,20,4,7,1.0,3,1,0.0
BK,20,4,7,1.0,3,2,0.0
BK,20,4,7,1.0,3,4,0.0
BK,20,4,7,1.0,4,1,16631.420000000002
BK,20,4,7,1.0,4,2,0.0
BK,20,4,7,1.0,4,3,0.0
BK,20,3,3,0.5,1,2,0.0
BK,20,3,3,0.5,1,3,0.0
BK,20,3,3,0.5,1,4,0.0
BK,20,3,3,0.5,2,1,0.0
BK,20,3,3,0.5,2,3,0.0
BK,20,3,3,0.5,2,4,0.0
BK,20,3,3,0.5,3,1,0.0
BK,20,3,3,0.5,3,2,0.0
BK,20,3,3,0.5,3,4,0.0
BK,20,3,3,0.5,4,1,16505.02
BK,20,3,3,0.5,4,2,0.0
BK,20,3,3,0.5,4,3,0.0
BK,20,3,6,1.0,1,2,0.0
BK,20,3,6,1.0,1,3,0.0
BK,20,3,6,1.0,1,4,0.0
BK,20,3,6,1.0,2,1,0.0
BK,20,3,6,1.0,2,3,0.0
BK,20,3,6,1.0,2,4,0.0
BK,20,3,6,1.0,3,1,0.0
BK,20,3,6,1.0,3,2,0.0
BK,20,3,6,1.0,3,4,0.0
BK,20,3,6,1.0,4,1,16449.82
BK,20,3,6,1.0,4,2,0.0
BK,20,3,6,1.0,4,3,0.0
BK,20,2,2,0.5,1,2,0.0
BK,20,2,2,0.5,1,3,0.0
BK,20,2,2,0.5,1,4,0.0
BK,20,2,2,0.5,2,1,92.54000005445977
BK,20,2,2,0.5,2,3,0.0
BK,20,2,2,0.5,2,4,0.0
BK,20,2,2,0.5,3,1,0.0
BK,20,2,2,0.5,3,2,0.0
BK,20,2,2,0.5,3,4,0.0
BK,20,2,2,0.5,4,1,12982.300000000001
BK,20,2,2,0.5,4,2,0.0
BK,20,2,2,0.5,4,3,0.0
BK,20,2,5,0.002,1,2,0.0
BK,20,2,5,0.002,1,3,0.0
BK,20,2,5,0.002,1,4,0.0
BK,20,2,5,0.002,2,1,92.53999999999918
BK,20,2,5,0.002,2,3,0.0
BK,20,2,5,0.002,2,4,0.0
BK,20,2,5,0.002,3,1,0.0
BK,20,2,5,0.002,3,2,0.0
BK,20,2,5,0.002,3,4,0.0
BK,20,2,5,0.002,4,1,12718.300000000001
BK,20,2,5,0.002,4,2,0.0
BK,20,2,5,0.002,4,3,0.0
BK,20,1,1,1.0,1,2,0.0
BK,20,1,1,1.0,1,3,0.0
BK,20,1,1,1.0,1,4,0.0
BK,20,1,1,1.0,2,1,0.0
BK,20,1,1,1.0,2,3,0.0
BK,20,1,1,1.0,2,4,0.0
BK,20,1,1,1.0,3,1,0.0
BK,20,1,1,1.0,3,2,0.0
BK,20,1,1,1.0,3,4,0.0
BK,20,1,1,1.0,4,1,10943.900000000001
BK,20,1,1,1.0,4,2,0.0
BK,20,1,1,1.0,4,3,0.0
BK,21,4,4,1.0,1,2,0.0
BK,21,4,4,1.0,1,3,0.0
BK,21,4,4,1.0,1,4,0.0
BK,21,4,4,1.0,2,1,986.5400000000009
BK,21,4,4,1.0,2,3,0.0
BK,21,4,4,1.0,2,4,0.0
BK,21,4,4,1.0,3,1,0.0
BK,21,4,4,1.0,3,2,0.0
BK,21,4,4,1.0,3,4,0.0
BK,21,4,4,1.0,4,1,16725.02
BK,21,4,4,1.0,4,2,0.0
BK,21,4,4,1.0,4,3,0.0
BK,21,4,7,1.0,1,2,0.0
BK,21,4,7,1.0,1,3,0.0
BK,21,4,7,1.0,1,4,0.0
BK,21,4,7,1.0,2,1,980.1599999999994
BK,21,4,7,1.0,2,3,0.0
BK,21,4,7,1.0,2,4,0.0
BK,21,4,7,1.0,3,1,0.0
BK,21,4,7,1.0,3,2,0.0
BK,21,4,7,1.0,3,4,0.0
BK,21,4,7,1.0,4,1,16631.420000000002
BK,21,4,7,1.0,4,2,0.0
BK,21,4,7,1.0,4,3,0.0
BK,21,3,3,0.5,1,2,0.0
BK,21,3,3,0.5,1,3,0.0
BK,21,3,3,0.5,1,4,0.0
BK,21,3,3,0.5,2,1,0.0
BK,21,3,3,0.5,2,3,0.0
BK,21,3,3,0.5,2,4,0.0
BK,21,3,3,0.5,3,1,0.0
BK,21,3,3,0.5,3,2,0.0
BK,21,3,3,0.5,3,4,0.0
BK,21,3,3,0.5,4,1,16505.02
BK,21,3,3,0.5,4,2,0.0
BK,21,3,3,0.5,4,3,0.0
BK,21,3,6,1.0,1,2,0.0
BK,21,3,6,1.0,1,3,0.0
BK,21,3,6,1.0,1,4,0.0
BK,21,3,6,1.0,2,1,0.0
BK,21,3,6,1.0,2,3,0.0
BK,21,3,6,1.0,2,4,0.0
BK,21,3,6,1.0,3,1,0.0
BK,21,3,6,1.0,3,2,0.0
BK,21,3,6,1.0,3,4,0.0
BK,21,3,6,1.0,4,1,16449.82
BK,21,3,6,1.0,4,2,0.0
BK,21,3,6,1.0,4,3,0.0
BK,21,2,2,0.5,1,2,0.0
BK,21,2,2,0.5,1,3,0.0
BK,21,2,2,0.5,1,4,0.0
BK,21,2,2,0.5,2,1,92.54000005445336
BK,21,2,2,0.5,2,3,0.0
BK,21,2,2,0.5,2,4,0.0
BK,21,2,2,0.5,3,1,0.0
BK,21,2,2,0.5,3,2,0.0
BK,21,2,2,0.5,3,4,0.0
BK,21,2,2,0.5,4,1,12982.300000000001
BK,21,2,2,0.5,4,2,0.0
BK,21,2,2,0.5,4,3,0.0
BK,21,2,5,0.002,1,2,0.0
BK,21,2,5,0.002,1,3,0.0
BK,21,2,5,0.002,1,4,0.0
BK,21,2,5,0.002,2,1,0.0
BK,21,2,5,0.002,2,3,92.5400000000006
BK,21,2,5,0.002,2,4,0.0
BK,21,2,5,0.002,3,1,0.0
BK,21,2,5,0.002,3,2,0.0
BK,21,2,5,0.002,3,4,0.0
BK,21,2,5,0.002,4,1,12718.300000000001
BK,21,2,5,0.002,4,2,0.0
BK,21,2,5,0.002,4,3,0.0
BK,21,1,1,1.0,1,2,0.0
BK,21,1,1,1.0,1,3,0.0
BK,21,1,1,1.0,1,4,0.0
BK,21,1,1,1.0,2,1,0.0
BK,21,1,1,1.0,2,3,0.0
BK,21,1,1,1.0,2,4,0.0
BK,21,1,1,1.0,3,1,0.0
BK,21,1,1,1.0,3,2,0.0
BK,21,1,1,1.0,3,4,0.0
BK,21,1,1,1.0,4,1,10943.900000000001
BK,21,1,1,1.0,4,2,0.0
BK,21,1,1,1.0,4,3,0.0
BK,22,4,4,1.0,1,2,0.0
BK,22,4,4,1.0,1,3,0.0
BK,22,4,4,1.0,1,4,0.0
BK,22,4,4,1.0,2,1,986.5400000000009
BK,22,4,4,1.0,2,3,0.0
BK,22,4,4,1.0,2,4,0.0
BK,22,4,4,1.0,3,1,0.0
BK,22,4,4,1.0,3,2,0.0
BK,22,4,4,1.0,3,4,0.0
BK,22,4,4,1.0,4,1,16725.02
BK,22,4,4,1.0,4,2,0.0
BK,22,4,4,1.0,4,3,0.0
BK,22,4,7,1.0,1,2,0.0
BK,22,4,7,1.0,1,3,0.0
BK,22,4,7,1.0,1,4,0.0
BK,22,4,7,1.0,2,1,980.1599999999994
BK,22,4,7,1.0,2,3,0.0
BK,22,4,7,1.0,2,4,0.0
BK,22,4,7,1.0,3,1,0.0
BK,22,4,7,1.0,3,2,0.0
BK,22,4,7,1.0,3,4,0.0
BK,22,4,7,1.0,4,1,16631.420000000002
BK,22,4,7,1.0,4,2,0.0
BK,22,4,7,1.0,4,3,0.0
BK,22,3,3,0.5,1,2,0.0
BK,22,3,3,0.5,1,3,0.0
BK,22,3,3,0.5,1,4,0.0
BK,22,3,3,0.5,2,1,0.0
BK,22,3,3,0.5,2,3,0.0
BK,22,3,3,0.5,2,4,0.0
BK,22,3,3,0.5,3,1,0.0
BK,22,3,3,0.5,3,2,0.0
BK,22,3,3,0.5,3,4,0.0
BK,22,3,3,0.5,4,1,16505.02
BK,22,3,3,0.5,4,2,0.0
BK,22,3,3,0.5,4,3,0.0
BK,22,3,6,1.0,1,2,0.0
BK,22,3,6,1.0,1,3,0.0
BK,22,3,6,1.0,1,4,0.0
BK,22,3,6,1.0,2,1,0.0
BK,22,3,6,1.0,2,3,0.0
BK,22,3,6,1.0,2,4,0.0
BK,22,3,6,1.0,3,1,0.0
BK,22,3,6,1.0,3,2,0.0
BK,22,3,6,1.0,3,4,0.0
BK,22,3,6,1.0,4,1,16449.82
BK,22,3,6,1.0,4,2,0.0
BK,22,3,6,1.0,4,3,0.0
BK,22,2,2,0.5,1,2,0.0
BK,22,2,2,0.5,1,3,0.0
BK,22,2,2,0.5,1,4,0.0
BK,22,2,2,0.5,2,1,92.54000000000158
BK,22,2,2,0.5,2,3,0.0
BK,22,2,2,0.5,2,4,0.0
BK,22,2,2,0.5,3,1,0.0
BK,22,2,2,0.5,3,2,0.0
BK,22,2,2,0.5,3,4,0.0
BK,22,2,2,0.5,4,1,12982.300000000001
BK,22,2,2,0.5,4,2,0.0
BK,22,2,2,0.5,4,3,0.0
BK,22,2,5,0.002,1,2,0.0
BK,22,2,5,0.002,1,3,0.0
BK,22,2,5,0.002,1,4,0.0
BK,22,2,5,0.002,2,1,-7.87281351222191e-12
BK,22,2,5,0.002,2,3,92.53999999998967
BK,22,2,5,0.002,2,4,0.0
BK,22,2,5,0.002,3,1,0.0
BK,22,2,5,0.002,3,2,0.0
BK,22,2,5,0.002,3,4,0.0
BK,22,2,5,0.002,4,1,12718.300000000001
BK,22,2,5,0.002,4,2,0.0
BK,22,2,5,0.002,4,3,0.0
BK,22,1,1,1.0,1,2,0.0
BK,22,1,1,1.0,1,3,0.0
BK,22,1,1,1.0,1,4,0.0
BK,22,1,1,1.0,2,1,0.0
BK,22,1,1,1.0,2,3,0.0
BK,22,1,1,1.0,2,4,0.0
BK,22,1,1,1.0,3,1,0.0
BK,22,1,1,1.0,3,2,0.0
BK,22,1,1,1.0,3,4,0.0
BK,22,1,1,1.0,4,1,10943.900000000001
BK,22,1,1,1.0,4,2,0.0
BK,22,1,1,1.0,4,3,0.0
BK,23,4,4,1.0,1,2,0.0
BK,23,4,4,1.0,1,3,0.0
BK,23,4,4,1.0,1,4,0.0
BK,23,4,4,1.0,2,1,986.5400000000009
BK,23,4,4,1.0,2,3,0.0
BK,23,4,4,1.0,2,4,0.0
BK,23,4,4,1.0,3,1,0.0
BK,23,4,4,1.0,3,2,0.0
BK,23,4,4,1.0,3,4,0.0
BK,23,4,4,1.0,4,1,16725.02
BK,23,4,4,1.0,4,2,0.0
BK,23,4,4,1.0,4,3,0.0
BK,23,4,7,1.0,1,2,0.0
BK,23,4,7,1.0,1,3,0.0
BK,23,4,7,1.0,1,4,0.0
BK,23,4,7,1.0,2,1,980.1599999999994
BK,23,4,7,1.0,2,3,0.0
BK,23,4,7,1.0,2,4,0.0
BK,23,4,7,1.0,3,1,0.0
BK,23,4,7,1.0,3,2,0.0
BK,23,4,7,1.0,3,4,0.0
BK,23,4,7,1.0,4,1,16631.420000000002
BK,23,4,7,1.0,4,2,0.0
BK,23,4,7,1.0,4,3,0.0
BK,23,3,3,0.5,1,2,0.0
BK,23,3,3,0.5,1,3,0.0
BK,23,3,3,0.5,1,4,0.0
BK,23,3,3,0.5,2,1,0.0
BK,23,3,3,0.5,2,3,0.0
BK,23,3,3,0.5,2,4,0.0
BK,23,3,3,0.5,3,1,0.0
BK,23,3,3,0.5,3,2,0.0
BK,23,3,3,0.5,3,4,0.0
BK,23,3,3,0.5,4,1,16505.02
BK,23,3,3,0.5,4,2,0.0
BK,23,3,3,0.5,4,3,0.0
BK,23,3,6,1.0,1,2,0.0
BK,23,3,6,1.0,1,3,0.0
BK,23,3,6,1.0,1,4,0.0
BK,23,3,6,1.0,2,1,0.0
BK,23,3,6,1.0,2,3,0.0
BK,23,3,6,1.0,2,4,0.0
BK,23,3,6,1.0,3,1,0.0
BK,23,3,6,1.0,3,2,0.0
BK,23,3,6,1.0,3,4,0.0
BK,23,3,6,1.0,4,1,16449.82
BK,23,3,6,1.0,4,2,0.0
BK,23,3,6,1.0,4,3,0.0
BK,23,2,2,0.5,1,2,0.0
BK,23,2,2,0.5,1,3,0.0
BK,23,2,2,0.5,1,4,0.0
BK,23,2,2,0.5,2,1,92.54000000000158
BK,23,2,2,0.5,2,3,0.0
BK,23,2,2,0.5,2,4,0.0
BK,23,2,2,0.5,3,1,0.0
BK,23,2,2,0.5,3,2,0.0
BK,23,2,2,0.5,3,4,0.0
BK,23,2,2,0.5,4,1,12982.300000000001
BK,23,2,2,0.5,4,2,0.0
BK,23,2,2,0.5,4,3,0.0
BK,23,2,5,0.002,1,2,0.0
BK,23,2,5,0.002,1,3,0.0
BK,23,2,5,0.002,1,4,0.0
BK,23,2,5,0.002,2,1,-1.0800249583553523e-12
BK,23,2,5,0.002,2,3,92.5399999999837
BK,23,2,5,0.002,2,4,0.0
BK,23,2,5,0.002,3,1,0.0
BK,23,2,5,0.002,3,2,0.0
BK,23,2,5,0.002,3,4,0.0
BK,23,2,5,0.002,4,1,12718.300000000001
BK,23,2,5,0.002,4,2,0.0
BK,23,2,5,0.002,4,3,0.0
BK,23,1,1,1.0,1,2,0.0
BK,23,1,1,1.0,1,3,0.0
BK,23,1,1,1.0,1,4,0.0
BK,23,1,1,1.0,2,1,0.0
BK,23,1,1,1.0,2,3,0.0
BK,23,1,1,1.0,2,4,0.0
BK,23,1,1,1.0,3,1,0.0
BK,23,1,1,1.0,3,2,0.0
BK,23,1,1,1.0,3,4,0.0
BK,23,1,1,1.0,4,1,10943.900000000001
BK,23,1,1,1.0,4,2,0.0
BK,23,1,1,1.0,4,3,0.0
BK,24,4,4,1.0,1,2,0.0
BK,24,4,4,1.0,1,3,0.0
BK,24,4,4,1.0,1,4,0.0
BK,24,4,4,1.0,2,1,986.5400000000009
BK,24,4,4,1.0,2,3,0.0
BK,24,4,4,1.0,2,4,0.0
BK,24,4,4,1.0,3,1,0.0
BK,24,4,4,1.0,3,2,0.0
BK,24,4,4,1.0,3,4,0.0
BK,24,4,4,1.0,4,1,16725.02
BK,24,4,4,1.0,4,2,0.0
BK,24,4,4,1.0,4,3,0.0
BK,24,4,7,1.0,1,2,0.0
BK,24,4,7,1.0,1,3,0.0
BK,24,4,7,1.0,1,4,0.0
BK,24,4,7,1.0,2,1,980.1599999999994
BK,24,4,7,1.0,2,3,0.0
BK,24,4,7,1.0,2,4,0.0
BK,24,4,7,1.0,3,1,0.0
BK,24,4,7,1.0,3,2,0.0
BK,24,4,7,1.0,3,4,0.0
BK,24,4,7,1.0,4,1,16631.420000000002
BK,24,4,7,1.0,4,2,0.0
BK,24,4,7,1.0,4,3,0.0
BK,24,3,3,0.5,1,2,0.0
BK,24,3,3,0.5,1,3,0.0
BK,24,3,3,0.5,1,4,0.0
BK,24,3,3,0.5,2,1,0.0
BK,24,3,3,0.5,2,3,0.0
BK,24,3,3,0.5,2,4,0.0
BK,24,3,3,0.5,3,1,0.0
BK,24,3,3,0.5,3,2,0.0
BK,24,3,3,0.5,3,4,0.0
BK,24,3,3,0.5,4,1,16505.02
BK,24,3,3,0.5,4,2,0.0
BK,24,3,3,0.5,4,3,0.0
BK,24,3,6,1.0,1,2,0.0
BK,24,3,6,1.0,1,3,0.0
BK,24,3,6,1.0,1,4,0.0
BK,24,3,6,1.0,2,1,0.0
BK,24,3,6,1.0,2,3,0.0
BK,24,3,6,1.0,2,4,0.0
BK,24,3,6,1.0,3,1,0.0
BK,24,3,6,1.0,3,2,0.0
BK,24,3,6,1.0,3,4,0.0
BK,24,3,6,1.0,4,1,16449.82
BK,24,3,6,1.0,4,2,0.0
BK,24,3,6,1.0,4,3,0.0
BK,24,2,2,0.5,1,2,0.0
BK,24,2,2,0.5,1,3,0.0
BK,24,2,2,0.5,1,4,0.0
BK,24,2,2,0.5,2,1,92.54000000001238
BK,24,2,2,0.5,2,3,0.0
BK,24,2,2,0.5,2,4,0.0
BK,24,2,2,0.5,3,1,0.0
BK,24,2,2,0.5,3,2,0.0
BK,24,2,2,0.5,3,4,0.0
BK,24,2,2,0.5,4,1,12982.300000000001
BK,24,2,2,0.5,4,2,0.0
BK,24,2,2,0.5,4,3,0.0
BK,24,2,5,0.002,1,2,0.0
BK,24,2,5,0.002,1,3,0.0
BK,24,2,5,0.002,1,4,0.0
BK,24,2,5,0.002,2,1,-5.7411853049416095e-12
BK,24,2,5,0.002,2,3,92.54000000000403
BK,24,2,5,0.002,2,4,0.0
BK,24,2,5,0.002,3,1,0.0
BK,24,2,5,0.002,3,2,0.0
BK,24,2,5,0.002,3,4,0.0
BK,24,2,5,0.002,4,1,12718.300000000001
BK,24,2,5,0.002,4,2,0.0
BK,24,2,5,0.002,4,3,0.0
BK,24,1,1,1.0,1,2,0.0
BK,24,1,1,1.0,1,3,0.0
BK,24,1,1,1.0,1,4,0.0
BK,24,1,1,1.0,2,1,0.0
BK,24,1,1,1.0,2,3,0.0
BK,24,1,1,1.0,2,4,0.0
BK,24,1,1,1.0,3,1,0.0
BK,24,1,1,1.0,3,2,0.0
BK,24,1,1,1.0,3,4,0.0
BK,24,1,1,1.0,4,1,10943.900000000001
BK,24,1,1,1.0,4,2,0.0
BK,24,1,1,1.0,4,3,0.0
BK,25,4,4,1.0,1,2,0.0
BK,25,4,4,1.0,1,3,0.0
BK,25,4,4,1.0,1,4,0.0
BK,25,4,4,1.0,2,1,986.5400000000009
BK,25,4,4,1.0,2,3,0.0
BK,25,4,4,1.0,2,4,0.0
BK,25,4,4,1.0,3,1,0.0
BK,25,4,4,1.0,3,2,0.0
BK,25,4,4,1.0,3,4,0.0
BK,25,4,4,1.0,4,1,16725.02
BK,25,4,4,1.0,4,2,0.0
BK,25,4,4,1.0,4,3,0.0
BK,25,4,7,1.0,1,2,0.0
BK,25,4,7,1.0,1,3,0.0
BK,25,4,7,1.0,1,4,0.0
BK,25,4,7,1.0,2,1,980.1599999999994
BK,25,4,7,1.0,2,3,0.0
BK,25,4,7,1.0,2,4,0.0
BK,25,4,7,1.0,3,1,0.0
BK,25,4,7,1.0,3,2,0.0
BK,25,4,7,1.0,3,4,0.0
BK,25,4,7,1.0,4,1,16631.420000000002
BK,25,4,7,1.0,4,2,0.0
BK,25,4,7,1.0,4,3,0.0
BK,25,3,3,0.5,1,2,0.0
BK,25,3,3,0.5,1,3,0.0
BK,25,3,3,0.5,1,4,0.0
BK,25,3,3,0.5,2,1,0.0
BK,25,3,3,0.5,2,3,0.0
BK,25,3,3,0.5,2,4,0.0
BK,25,3,3,0.5,3,1,0.0
BK,25,3,3,0.5,3,2,0.0
BK,25,3,3,0.5,3,4,0.0
BK,25,3,3,0.5,4,1,16505.02
BK,25,3,3,0.5,4,2,0.0
BK,25,3,3,0.5,4,3,0.0
BK,25,3,6,1.0,1,2,0.0
BK,25,3,6,1.0,1,3,0.0
BK,25,3,6,1.0,1,4,0.0
BK,25,3,6,1.0,2,1,0.0
BK,25,3,6,1.0,2,3,0.0
BK,25,3,6,1.0,2,4,0.0
BK,25,3,6,1.0,3,1,0.0
BK,25,3,6,1.0,3,2,0.0
BK,25,3,6,1.0,3,4,0.0
BK,25,3,6,1.0,4,1,16449.82
BK,25,3,6,1.0,4,2,0.0
BK,25,3,6,1.0,4,3,0.0
BK,25,2,2,0.5,1,2,0.0
BK,25,2,2,0.5,1,3,0.0
BK,25,2,2,0.5,1,4,0.0
BK,25,2,2,0.5,2,1,92.54000000001238
BK,25,2,2,0.5,2,3,0.0
BK,25,2,2,0.5,2,4,0.0
BK,25,2,2,0.5,3,1,0.0
BK,25,2,2,0.5,3,2,0.0
BK,25,2,2,0.5,3,4,0.0
BK,25,2,2,0.5,4,1,12982.300000000001
BK,25,2,2,0.5,4,2,0.0
BK,25,2,2,0.5,4,3,0.0
BK,25,2,5,0.002,1,2,0.0
BK,25,2,5,0.002,1,3,0.0
BK,25,2,5,0.002,1,4,0.0
BK,25,2,5,0.002,2,1,5.9117155615240335e-12
BK,25,2,5,0.002,2,3,92.53999999999952
BK,25,2,5,0.002,2,4,0.0
BK,25,2,5,0.002,3,1,0.0
BK,25,2,5,0.002,3,2,0.0
BK,25,2,5,0.002,3,4,0.0
BK,25,2,5,0.002,4,1,12718.300000000001
BK,25,2,5,0.002,4,2,0.0
BK,25,2,5,0.002,4,3,0.0
BK,25,1,1,1.0,1,2,0.0
BK,25,1,1,1.0,1,3,0.0
BK,25,1,1,1.0,1,4,0.0
BK,25,1,1,1.0,2,1,0.0
BK,25,1,1,1.0,2,3,0.0
BK,25,1,1,1.0,2,4,0.0
BK,25,1,1,1.0,3,1,0.0
BK,25,1,1,1.0,3,2,0.0
BK,25,1,1,1.0,3,4,0.0
BK,25,1,1,1.0,4,1,10943.900000000001
BK,25,1,1,1.0,4,2,0.0
BK,25,1,1,1.0,4,3,0.0
