,NOME_UHE,NO,VAZAO
0,1,1,0
1,1,2,94
2,1,3,159
3,1,4,108
4,1,5,95
5,1,6,164
6,1,7,108
7,1,8,95
8,1,9,158
9,1,10,100
10,1,11,92
11,1,12,141
12,1,13,98
13,1,14,88
14,1,15,131
15,1,16,88
16,1,17,101
17,1,18,148
18,1,19,99
19,1,20,102
20,1,21,173
21,1,22,108
22,1,23,86
23,1,24,132
24,1,25,85
25,1,26,97
26,1,27,165
27,1,28,111
28,1,29,96
29,1,30,160
30,1,31,106
31,2,1,0
32,2,2,0
33,2,3,0
34,2,4,0
35,2,5,0
36,2,6,0
37,2,7,0
38,2,8,0
39,2,9,0
40,2,10,0
41,2,11,0
42,2,12,0
43,2,13,0
44,2,14,0
45,2,15,0
46,2,16,0
47,2,17,0
48,2,18,0
49,2,19,0
50,2,20,0
51,2,21,0
52,2,22,0
53,2,23,0
54,2,24,0
55,2,25,0
56,2,26,0
57,2,27,0
58,2,28,0
59,2,29,0
60,2,30,0
61,2,31,0
62,6,1,0
63,6,2,405
64,6,3,637
65,6,4,518
66,6,5,386
67,6,6,620
68,6,7,530
69,6,8,381
70,6,9,600
71,6,10,534
72,6,11,390
73,6,12,559
74,6,13,521
75,6,14,409
76,6,15,684
77,6,16,559
78,6,17,364
79,6,18,643
80,6,19,577
81,6,20,402
82,6,21,869
83,6,22,602
84,6,23,413
85,6,24,722
86,6,25,563
87,6,26,409
88,6,27,694
89,6,28,539
90,6,29,377
91,6,30,562
92,6,31,512
93,7,1,0
94,7,2,99
95,7,3,149
96,7,4,144
97,7,5,94
98,7,6,149
99,7,7,150
100,7,8,77
101,7,9,114
102,7,10,128
103,7,11,95
104,7,12,139
105,7,13,137
106,7,14,100
107,7,15,143
108,7,16,153
109,7,17,87
110,7,18,109
111,7,19,125
112,7,20,92
113,7,21,128
114,7,22,145
115,7,23,95
116,7,24,124
117,7,25,142
118,7,26,107
119,7,27,163
120,7,28,155
121,7,29,92
122,7,30,150
123,7,31,149
124,8,1,0
125,8,2,22
126,8,3,30
127,8,4,37
128,8,5,21
129,8,6,31
130,8,7,38
131,8,8,18
132,8,9,23
133,8,10,33
134,8,11,22
135,8,12,29
136,8,13,36
137,8,14,22
138,8,15,30
139,8,16,40
140,8,17,20
141,8,18,21
142,8,19,32
143,8,20,21
144,8,21,26
145,8,22,38
146,8,23,22
147,8,24,25
148,8,25,37
149,8,26,24
150,8,27,34
151,8,28,40
152,8,29,21
153,8,30,31
154,8,31,38
155,9,1,0
156,9,2,9
157,9,3,10
158,9,4,18
159,9,5,9
160,9,6,9
161,9,7,19
162,9,8,7
163,9,9,6
164,9,10,17
165,9,11,9
166,9,12,8
167,9,13,18
168,9,14,10
169,9,15,8
170,9,16,20
171,9,17,8
172,9,18,5
173,9,19,17
174,9,20,9
175,9,21,7
176,9,22,19
177,9,23,9
178,9,24,6
179,9,25,19
180,9,26,10
181,9,27,10
182,9,28,20
183,9,29,9
184,9,30,9
185,9,31,19
186,10,1,0
187,10,2,28
188,10,3,33
189,10,4,47
190,10,5,26
191,10,6,34
192,10,7,48
193,10,8,22
194,10,9,23
195,10,10,42
196,10,11,26
197,10,12,31
198,10,13,45
199,10,14,27
200,10,15,31
201,10,16,50
202,10,17,25
203,10,18,22
204,10,19,43
205,10,20,25
206,10,21,27
207,10,22,49
208,10,23,26
209,10,24,26
210,10,25,48
211,10,26,29
212,10,27,37
213,10,28,51
214,10,29,25
215,10,30,34
216,10,31,48
217,11,1,0
218,11,2,62
219,11,3,89
220,11,4,90
221,11,5,58
222,11,6,90
223,11,7,94
224,11,8,49
225,11,9,69
226,11,10,81
227,11,11,60
228,11,12,83
229,11,13,86
230,11,14,62
231,11,15,86
232,11,16,97
233,11,17,54
234,11,18,66
235,11,19,79
236,11,20,58
237,11,21,77
238,11,22,90
239,11,23,59
240,11,24,73
241,11,25,90
242,11,26,67
243,11,27,98
244,11,28,98
245,11,29,57
246,11,30,90
247,11,31,94
248,12,1,0
249,12,2,98
250,12,3,174
251,12,4,172
252,12,5,99
253,12,6,181
254,12,7,178
255,12,8,85
256,12,9,169
257,12,10,164
258,12,11,95
259,12,12,172
260,12,13,168
261,12,14,105
262,12,15,192
263,12,16,199
264,12,17,88
265,12,18,137
266,12,19,146
267,12,20,102
268,12,21,179
269,12,22,182
270,12,23,102
271,12,24,194
272,12,25,194
273,12,26,99
274,12,27,185
275,12,28,180
276,12,29,94
277,12,30,177
278,12,31,172
279,14,1,0
280,14,2,38
281,14,3,57
282,14,4,42
283,14,5,35
284,14,6,54
285,14,7,41
286,14,8,36
287,14,9,58
288,14,10,51
289,14,11,38
290,14,12,57
291,14,13,43
292,14,14,41
293,14,15,57
294,14,16,47
295,14,17,34
296,14,18,52
297,14,19,41
298,14,20,35
299,14,21,52
300,14,22,39
301,14,23,42
302,14,24,58
303,14,25,47
304,14,26,40
305,14,27,60
306,14,28,44
307,14,29,34
308,14,30,54
309,14,31,44
310,15,1,0
311,15,2,24
312,15,3,36
313,15,4,27
314,15,5,22
315,15,6,35
316,15,7,27
317,15,8,22
318,15,9,37
319,15,10,33
320,15,11,24
321,15,12,35
322,15,13,28
323,15,14,26
324,15,15,37
325,15,16,30
326,15,17,22
327,15,18,32
328,15,19,27
329,15,20,22
330,15,21,33
331,15,22,26
332,15,23,27
333,15,24,36
334,15,25,31
335,15,26,26
336,15,27,37
337,15,28,29
338,15,29,22
339,15,30,35
340,15,31,29
341,16,1,0
342,16,2,1
343,16,3,1
344,16,4,2
345,16,5,0
346,16,6,1
347,16,7,2
348,16,8,1
349,16,9,1
350,16,10,1
351,16,11,1
352,16,12,1
353,16,13,1
354,16,14,1
355,16,15,1
356,16,16,2
357,16,17,0
358,16,18,1
359,16,19,1
360,16,20,0
361,16,21,1
362,16,22,1
363,16,23,0
364,16,24,1
365,16,25,1
366,16,26,0
367,16,27,1
368,16,28,1
369,16,29,0
370,16,30,1
371,16,31,1
372,17,1,0
373,17,2,262
374,17,3,471
375,17,4,560
376,17,5,265
377,17,6,470
378,17,7,569
379,17,8,261
380,17,9,464
381,17,10,565
382,17,11,261
383,17,12,466
384,17,13,548
385,17,14,240
386,17,15,431
387,17,16,524
388,17,17,256
389,17,18,436
390,17,19,544
391,17,20,260
392,17,21,446
393,17,22,568
394,17,23,243
395,17,24,432
396,17,25,532
397,17,26,256
398,17,27,461
399,17,28,551
400,17,29,264
401,17,30,467
402,17,31,566
403,18,1,0
404,18,2,235
405,18,3,298
406,18,4,500
407,18,5,239
408,18,6,295
409,18,7,484
410,18,8,232
411,18,9,277
412,18,10,401
413,18,11,231
414,18,12,295
415,18,13,463
416,18,14,210
417,18,15,251
418,18,16,430
419,18,17,226
420,18,18,269
421,18,19,427
422,18,20,227
423,18,21,268
424,18,22,514
425,18,23,212
426,18,24,240
427,18,25,410
428,18,26,225
429,18,27,291
430,18,28,493
431,18,29,237
432,18,30,292
433,18,31,448
434,22,1,0
435,22,2,62
436,22,3,72
437,22,4,66
438,22,5,62
439,22,6,71
440,22,7,68
441,22,8,67
442,22,9,70
443,22,10,69
444,22,11,63
445,22,12,73
446,22,13,67
447,22,14,63
448,22,15,73
449,22,16,65
450,22,17,59
451,22,18,68
452,22,19,63
453,22,20,57
454,22,21,67
455,22,22,63
456,22,23,61
457,22,24,72
458,22,25,65
459,22,26,63
460,22,27,72
461,22,28,64
462,22,29,63
463,22,30,70
464,22,31,68
465,23,1,0
466,23,2,25
467,23,3,33
468,23,4,32
469,23,5,28
470,23,6,35
471,23,7,33
472,23,8,27
473,23,9,33
474,23,10,32
475,23,11,25
476,23,12,33
477,23,13,32
478,23,14,24
479,23,15,33
480,23,16,33
481,23,17,25
482,23,18,31
483,23,19,30
484,23,20,29
485,23,21,35
486,23,22,35
487,23,23,26
488,23,24,35
489,23,25,35
490,23,26,25
491,23,27,34
492,23,28,34
493,23,29,24
494,23,30,30
495,23,31,30
496,24,1,0
497,24,2,311
498,24,3,311
499,24,4,230
500,24,5,301
501,24,6,299
502,24,7,224
503,24,8,296
504,24,9,296
505,24,10,217
506,24,11,264
507,24,12,287
508,24,13,212
509,24,14,280
510,24,15,323
511,24,16,228
512,24,17,217
513,24,18,251
514,24,19,188
515,24,20,287
516,24,21,302
517,24,22,227
518,24,23,312
519,24,24,342
520,24,25,240
521,24,26,327
522,24,27,326
523,24,28,237
524,24,29,285
525,24,30,288
526,24,31,216
527,25,1,0
528,25,2,275
529,25,3,438
530,25,4,297
531,25,5,255
532,25,6,445
533,25,7,283
534,25,8,251
535,25,9,480
536,25,10,297
537,25,11,253
538,25,12,390
539,25,13,271
540,25,14,271
541,25,15,404
542,25,16,300
543,25,17,257
544,25,18,457
545,25,19,296
546,25,20,283
547,25,21,495
548,25,22,315
549,25,23,281
550,25,24,439
551,25,25,315
552,25,26,286
553,25,27,435
554,25,28,308
555,25,29,257
556,25,30,467
557,25,31,293
558,28,1,0
559,28,2,3
560,28,3,-1
561,28,4,7
562,28,5,4
563,28,6,-1
564,28,7,7
565,28,8,4
566,28,9,-2
567,28,10,8
568,28,11,3
569,28,12,-2
570,28,13,7
571,28,14,3
572,28,15,-2
573,28,16,8
574,28,17,4
575,28,18,-2
576,28,19,8
577,28,20,3
578,28,21,-2
579,28,22,8
580,28,23,3
581,28,24,-3
582,28,25,8
583,28,26,2
584,28,27,-2
585,28,28,7
586,28,29,3
587,28,30,-2
588,28,31,8
589,31,1,0
590,31,2,222
591,31,3,227
592,31,4,215
593,31,5,257
594,31,6,237
595,31,7,248
596,31,8,256
597,31,9,261
598,31,10,250
599,31,11,255
600,31,12,232
601,31,13,234
602,31,14,243
603,31,15,237
604,31,16,238
605,31,17,316
606,31,18,251
607,31,19,248
608,31,20,253
609,31,21,256
610,31,22,250
611,31,23,253
612,31,24,247
613,31,25,266
614,31,26,236
615,31,27,233
616,31,28,239
617,31,29,245
618,31,30,241
619,31,31,231
620,32,1,0
621,32,2,40
622,32,3,70
623,32,4,81
624,32,5,41
625,32,6,71
626,32,7,87
627,32,8,42
628,32,9,70
629,32,10,86
630,32,11,41
631,32,12,70
632,32,13,83
633,32,14,41
634,32,15,67
635,32,16,87
636,32,17,50
637,32,18,78
638,32,19,86
639,32,20,42
640,32,21,73
641,32,22,88
642,32,23,42
643,32,24,69
644,32,25,88
645,32,26,45
646,32,27,70
647,32,28,87
648,32,29,45
649,32,30,74
650,32,31,83
651,33,1,0
652,33,2,615
653,33,3,1035
654,33,4,979
655,33,5,639
656,33,6,1059
657,33,7,1040
658,33,8,654
659,33,9,1068
660,33,10,1045
661,33,11,623
662,33,12,1039
663,33,13,1010
664,33,14,622
665,33,15,1031
666,33,16,1062
667,33,17,725
668,33,18,1117
669,33,19,1051
670,33,20,643
671,33,21,1079
672,33,22,1041
673,33,23,655
674,33,24,1084
675,33,25,1093
676,33,26,645
677,33,27,1036
678,33,28,1050
679,33,29,670
680,33,30,1091
681,33,31,1022
682,34,1,0
683,34,2,338
684,34,3,380
685,34,4,651
686,34,5,337
687,34,6,411
688,34,7,634
689,34,8,313
690,34,9,446
691,34,10,619
692,34,11,324
693,34,12,378
694,34,13,631
695,34,14,278
696,34,15,367
697,34,16,626
698,34,17,303
699,34,18,408
700,34,19,604
701,34,20,319
702,34,21,385
703,34,22,642
704,34,23,269
705,34,24,383
706,34,25,632
707,34,26,323
708,34,27,371
709,34,28,658
710,34,29,324
711,34,30,431
712,34,31,623
713,47,1,0
714,47,2,228
715,47,3,316
716,47,4,923
717,47,5,220
718,47,6,306
719,47,7,906
720,47,8,200
721,47,9,355
722,47,10,964
723,47,11,230
724,47,12,368
725,47,13,977
726,47,14,256
727,47,15,414
728,47,16,1106
729,47,17,199
730,47,18,365
731,47,19,1026
732,47,20,224
733,47,21,292
734,47,22,921
735,47,23,277
736,47,24,398
737,47,25,1092
738,47,26,222
739,47,27,322
740,47,28,943
741,47,29,207
742,47,30,327
743,47,31,933
744,48,1,0
745,48,2,6
746,48,3,11
747,48,4,21
748,48,5,4
749,48,6,9
750,48,7,19
751,48,8,3
752,48,9,8
753,48,10,22
754,48,11,11
755,48,12,14
756,48,13,24
757,48,14,6
758,48,15,10
759,48,16,18
760,48,17,8
761,48,18,13
762,48,19,24
763,48,20,4
764,48,21,11
765,48,22,21
766,48,23,4
767,48,24,8
768,48,25,18
769,48,26,4
770,48,27,8
771,48,28,18
772,48,29,6
773,48,30,12
774,48,31,24
775,49,1,0
776,49,2,136
777,49,3,305
778,49,4,425
779,49,5,95
780,49,6,247
781,49,7,375
782,49,8,85
783,49,9,253
784,49,10,429
785,49,11,236
786,49,12,367
787,49,13,488
788,49,14,133
789,49,15,271
790,49,16,391
791,49,17,181
792,49,18,340
793,49,19,469
794,49,20,93
795,49,21,288
796,49,22,392
797,49,23,104
798,49,24,242
799,49,25,358
800,49,26,101
801,49,27,226
802,49,28,338
803,49,29,130
804,49,30,317
805,49,31,467
806,50,1,0
807,50,2,60
808,50,3,227
809,50,4,261
810,50,5,54
811,50,6,221
812,50,7,241
813,50,8,74
814,50,9,234
815,50,10,243
816,50,11,53
817,50,12,239
818,50,13,288
819,50,14,48
820,50,15,228
821,50,16,304
822,50,17,89
823,50,18,241
824,50,19,232
825,50,20,57
826,50,21,217
827,50,22,212
828,50,23,48
829,50,24,228
830,50,25,291
831,50,26,69
832,50,27,227
833,50,28,266
834,50,29,59
835,50,30,227
836,50,31,246
837,51,1,0
838,51,2,5
839,51,3,12
840,51,4,23
841,51,5,4
842,51,6,12
843,51,7,21
844,51,8,6
845,51,9,12
846,51,10,22
847,51,11,3
848,51,12,11
849,51,13,26
850,51,14,4
851,51,15,11
852,51,16,28
853,51,17,7
854,51,18,12
855,51,19,22
856,51,20,5
857,51,21,11
858,51,22,19
859,51,23,4
860,51,24,11
861,51,25,26
862,51,26,5
863,51,27,12
864,51,28,23
865,51,29,4
866,51,30,11
867,51,31,22
868,52,1,0
869,52,2,9
870,52,3,32
871,52,4,45
872,52,5,9
873,52,6,31
874,52,7,42
875,52,8,12
876,52,9,33
877,52,10,43
878,52,11,9
879,52,12,34
880,52,13,50
881,52,14,8
882,52,15,31
883,52,16,55
884,52,17,15
885,52,18,35
886,52,19,42
887,52,20,9
888,52,21,31
889,52,22,39
890,52,23,7
891,52,24,31
892,52,25,52
893,52,26,12
894,52,27,32
895,52,28,47
896,52,29,9
897,52,30,31
898,52,31,43
899,57,1,0
900,57,2,289
901,57,3,292
902,57,4,717
903,57,5,306
904,57,6,260
905,57,7,565
906,57,8,492
907,57,9,364
908,57,10,716
909,57,11,369
910,57,12,276
911,57,13,714
912,57,14,218
913,57,15,211
914,57,16,611
915,57,17,558
916,57,18,341
917,57,19,706
918,57,20,273
919,57,21,309
920,57,22,638
921,57,23,221
922,57,24,278
923,57,25,758
924,57,26,233
925,57,27,262
926,57,28,694
927,57,29,378
928,57,30,263
929,57,31,553
930,61,1,0
931,61,2,156
932,61,3,390
933,61,4,424
934,61,5,150
935,61,6,360
936,61,7,419
937,61,8,170
938,61,9,304
939,61,10,466
940,61,11,159
941,61,12,388
942,61,13,536
943,61,14,177
944,61,15,348
945,61,16,523
946,61,17,176
947,61,18,348
948,61,19,510
949,61,20,154
950,61,21,347
951,61,22,364
952,61,23,177
953,61,24,307
954,61,25,487
955,61,26,163
956,61,27,378
957,61,28,400
958,61,29,155
959,61,30,339
960,61,31,467
961,62,1,0
962,62,2,42
963,62,3,20
964,62,4,46
965,62,5,42
966,62,6,25
967,62,7,45
968,62,8,44
969,62,9,32
970,62,10,53
971,62,11,43
972,62,12,16
973,62,13,51
974,62,14,47
975,62,15,15
976,62,16,71
977,62,17,40
978,62,18,18
979,62,19,65
980,62,20,42
981,62,21,24
982,62,22,60
983,62,23,48
984,62,24,19
985,62,25,77
986,62,26,44
987,62,27,22
988,62,28,50
989,62,29,42
990,62,30,26
991,62,31,46
992,63,1,0
993,63,2,102
994,63,3,73
995,63,4,115
996,63,5,101
997,63,6,85
998,63,7,117
999,63,8,105
1000,63,9,105
1001,63,10,135
1002,63,11,103
1003,63,12,67
1004,63,13,125
1005,63,14,112
1006,63,15,72
1007,63,16,154
1008,63,17,97
1009,63,18,74
1010,63,19,145
1011,63,20,99
1012,63,21,82
1013,63,22,130
1014,63,23,113
1015,63,24,80
1016,63,25,164
1017,63,26,106
1018,63,27,78
1019,63,28,119
1020,63,29,102
1021,63,30,88
1022,63,31,122
1023,71,1,0
1024,71,2,56
1025,71,3,169
1026,71,4,114
1027,71,5,85
1028,71,6,202
1029,71,7,96
1030,71,8,90
1031,71,9,219
1032,71,10,100
1033,71,11,60
1034,71,12,181
1035,71,13,116
1036,71,14,57
1037,71,15,247
1038,71,16,110
1039,71,17,75
1040,71,18,186
1041,71,19,98
1042,71,20,75
1043,71,21,189
1044,71,22,100
1045,71,23,54
1046,71,24,259
1047,71,25,115
1048,71,26,46
1049,71,27,137
1050,71,28,105
1051,71,29,87
1052,71,30,195
1053,71,31,87
1054,72,1,0
1055,72,2,4
1056,72,3,10
1057,72,4,8
1058,72,5,3
1059,72,6,11
1060,72,7,10
1061,72,8,3
1062,72,9,9
1063,72,10,7
1064,72,11,4
1065,72,12,9
1066,72,13,8
1067,72,14,4
1068,72,15,7
1069,72,16,5
1070,72,17,4
1071,72,18,9
1072,72,19,6
1073,72,20,4
1074,72,21,12
1075,72,22,9
1076,72,23,3
1077,72,24,7
1078,72,25,6
1079,72,26,4
1080,72,27,10
1081,72,28,7
1082,72,29,4
1083,72,30,10
1084,72,31,9
1085,73,1,0
1086,73,2,15
1087,73,3,42
1088,73,4,34
1089,73,5,16
1090,73,6,45
1091,73,7,42
1092,73,8,15
1093,73,9,37
1094,73,10,29
1095,73,11,15
1096,73,12,36
1097,73,13,28
1098,73,14,13
1099,73,15,27
1100,73,16,22
1101,73,17,19
1102,73,18,35
1103,73,19,28
1104,73,20,15
1105,73,21,44
1106,73,22,36
1107,73,23,14
1108,73,24,32
1109,73,25,24
1110,73,26,16
1111,73,27,40
1112,73,28,28
1113,73,29,16
1114,73,30,41
1115,73,31,38
1116,74,1,0
1117,74,2,407
1118,74,3,1785
1119,74,4,1270
1120,74,5,409
1121,74,6,1767
1122,74,7,1299
1123,74,8,403
1124,74,9,1816
1125,74,10,1253
1126,74,11,412
1127,74,12,1823
1128,74,13,1289
1129,74,14,378
1130,74,15,1803
1131,74,16,1410
1132,74,17,395
1133,74,18,1749
1134,74,19,1303
1135,74,20,384
1136,74,21,1705
1137,74,22,1285
1138,74,23,360
1139,74,24,1764
1140,74,25,1301
1141,74,26,399
1142,74,27,1808
1143,74,28,1276
1144,74,29,398
1145,74,30,1766
1146,74,31,1300
1147,76,1,0
1148,76,2,58
1149,76,3,217
1150,76,4,165
1151,76,5,59
1152,76,6,231
1153,76,7,199
1154,76,8,61
1155,76,9,186
1156,76,10,137
1157,76,11,61
1158,76,12,184
1159,76,13,138
1160,76,14,51
1161,76,15,135
1162,76,16,101
1163,76,17,77
1164,76,18,181
1165,76,19,125
1166,76,20,58
1167,76,21,231
1168,76,22,169
1169,76,23,56
1170,76,24,155
1171,76,25,109
1172,76,26,63
1173,76,27,205
1174,76,28,134
1175,76,29,60
1176,76,30,209
1177,76,31,175
1178,77,1,0
1179,77,2,13
1180,77,3,165
1181,77,4,155
1182,77,5,20
1183,77,6,248
1184,77,7,159
1185,77,8,13
1186,77,9,243
1187,77,10,205
1188,77,11,11
1189,77,12,125
1190,77,13,134
1191,77,14,4
1192,77,15,153
1193,77,16,137
1194,77,17,16
1195,77,18,271
1196,77,19,168
1197,77,20,19
1198,77,21,214
1199,77,22,174
1200,77,23,2
1201,77,24,124
1202,77,25,99
1203,77,26,1
1204,77,27,90
1205,77,28,145
1206,77,29,19
1207,77,30,253
1208,77,31,172
1209,78,1,0
1210,78,2,-3
1211,78,3,59
1212,78,4,62
1213,78,5,-1
1214,78,6,95
1215,78,7,61
1216,78,8,-5
1217,78,9,95
1218,78,10,75
1219,78,11,-5
1220,78,12,44
1221,78,13,54
1222,78,14,-5
1223,78,15,52
1224,78,16,56
1225,78,17,-2
1226,78,18,106
1227,78,19,64
1228,78,20,-1
1229,78,21,82
1230,78,22,67
1231,78,23,-5
1232,78,24,43
1233,78,25,37
1234,78,26,-7
1235,78,27,28
1236,78,28,59
1237,78,29,-2
1238,78,30,98
1239,78,31,65
1240,81,1,0
1241,81,2,25
1242,81,3,165
1243,81,4,154
1244,81,5,33
1245,81,6,249
1246,81,7,161
1247,81,8,24
1248,81,9,244
1249,81,10,205
1250,81,11,23
1251,81,12,125
1252,81,13,133
1253,81,14,15
1254,81,15,149
1255,81,16,140
1256,81,17,27
1257,81,18,269
1258,81,19,174
1259,81,20,30
1260,81,21,215
1261,81,22,179
1262,81,23,13
1263,81,24,124
1264,81,25,104
1265,81,26,15
1266,81,27,90
1267,81,28,143
1268,81,29,31
1269,81,30,254
1270,81,31,174
1271,88,1,0
1272,88,2,285
1273,88,3,1399
1274,88,4,912
1275,88,5,464
1276,88,6,1691
1277,88,7,1070
1278,88,8,349
1279,88,9,1567
1280,88,10,1131
1281,88,11,351
1282,88,12,1419
1283,88,13,1031
1284,88,14,136
1285,88,15,835
1286,88,16,738
1287,88,17,285
1288,88,18,1595
1289,88,19,948
1290,88,20,399
1291,88,21,1633
1292,88,22,955
1293,88,23,111
1294,88,24,853
1295,88,25,903
1296,88,26,189
1297,88,27,1250
1298,88,28,818
1299,88,29,262
1300,88,30,1554
1301,88,31,910
1302,89,1,0
1303,89,2,37
1304,89,3,280
1305,89,4,240
1306,89,5,58
1307,89,6,364
1308,89,7,269
1309,89,8,44
1310,89,9,332
1311,89,10,266
1312,89,11,48
1313,89,12,277
1314,89,13,261
1315,89,14,27
1316,89,15,153
1317,89,16,170
1318,89,17,32
1319,89,18,331
1320,89,19,247
1321,89,20,49
1322,89,21,357
1323,89,22,241
1324,89,23,22
1325,89,24,148
1326,89,25,215
1327,89,26,27
1328,89,27,234
1329,89,28,214
1330,89,29,30
1331,89,30,329
1332,89,31,232
1333,92,1,0
1334,92,2,76
1335,92,3,471
1336,92,4,538
1337,92,5,28
1338,92,6,413
1339,92,7,526
1340,92,8,22
1341,92,9,352
1342,92,10,431
1343,92,11,69
1344,92,12,445
1345,92,13,562
1346,92,14,116
1347,92,15,490
1348,92,16,629
1349,92,17,24
1350,92,18,403
1351,92,19,522
1352,92,20,14
1353,92,21,442
1354,92,22,509
1355,92,23,88
1356,92,24,464
1357,92,25,656
1358,92,26,106
1359,92,27,437
1360,92,28,573
1361,92,29,38
1362,92,30,393
1363,92,31,493
1364,93,1,0
1365,93,2,21
1366,93,3,98
1367,93,4,106
1368,93,5,18
1369,93,6,101
1370,93,7,117
1371,93,8,21
1372,93,9,95
1373,93,10,136
1374,93,11,24
1375,93,12,84
1376,93,13,88
1377,93,14,12
1378,93,15,37
1379,93,16,81
1380,93,17,16
1381,93,18,50
1382,93,19,87
1383,93,20,20
1384,93,21,84
1385,93,22,125
1386,93,23,11
1387,93,24,31
1388,93,25,95
1389,93,26,23
1390,93,27,92
1391,93,28,112
1392,93,29,19
1393,93,30,94
1394,93,31,116
1395,94,1,0
1396,94,2,-8
1397,94,3,189
1398,94,4,152
1399,94,5,-35
1400,94,6,187
1401,94,7,166
1402,94,8,1
1403,94,9,225
1404,94,10,197
1405,94,11,-20
1406,94,12,96
1407,94,13,151
1408,94,14,18
1409,94,15,79
1410,94,16,122
1411,94,17,-24
1412,94,18,126
1413,94,19,250
1414,94,20,-60
1415,94,21,219
1416,94,22,182
1417,94,23,15
1418,94,24,165
1419,94,25,169
1420,94,26,10
1421,94,27,49
1422,94,28,197
1423,94,29,-2
1424,94,30,161
1425,94,31,186
1426,97,1,0
1427,97,2,33
1428,97,3,43
1429,97,4,154
1430,97,5,43
1431,97,6,80
1432,97,7,204
1433,97,8,38
1434,97,9,94
1435,97,10,211
1436,97,11,49
1437,97,12,91
1438,97,13,229
1439,97,14,40
1440,97,15,85
1441,97,16,171
1442,97,17,56
1443,97,18,182
1444,97,19,207
1445,97,20,34
1446,97,21,62
1447,97,22,153
1448,97,23,35
1449,97,24,83
1450,97,25,140
1451,97,26,83
1452,97,27,143
1453,97,28,211
1454,97,29,39
1455,97,30,90
1456,97,31,194
1457,98,1,0
1458,98,2,71
1459,98,3,632
1460,98,4,421
1461,98,5,155
1462,98,6,770
1463,98,7,503
1464,98,8,136
1465,98,9,630
1466,98,10,582
1467,98,11,159
1468,98,12,825
1469,98,13,478
1470,98,14,124
1471,98,15,676
1472,98,16,550
1473,98,17,82
1474,98,18,712
1475,98,19,514
1476,98,20,97
1477,98,21,663
1478,98,22,454
1479,98,23,139
1480,98,24,708
1481,98,25,690
1482,98,26,142
1483,98,27,868
1484,98,28,475
1485,98,29,38
1486,98,30,582
1487,98,31,495
1488,99,1,0
1489,99,2,60
1490,99,3,77
1491,99,4,85
1492,99,5,61
1493,99,6,82
1494,99,7,90
1495,99,8,61
1496,99,9,84
1497,99,10,94
1498,99,11,61
1499,99,12,79
1500,99,13,87
1501,99,14,61
1502,99,15,77
1503,99,16,91
1504,99,17,62
1505,99,18,83
1506,99,19,88
1507,99,20,61
1508,99,21,80
1509,99,22,88
1510,99,23,61
1511,99,24,79
1512,99,25,95
1513,99,26,62
1514,99,27,80
1515,99,28,88
1516,99,29,62
1517,99,30,81
1518,99,31,84
1519,101,1,0
1520,101,2,102
1521,101,3,279
1522,101,4,274
1523,101,5,100
1524,101,6,244
1525,101,7,271
1526,101,8,93
1527,101,9,231
1528,101,10,242
1529,101,11,100
1530,101,12,286
1531,101,13,278
1532,101,14,86
1533,101,15,330
1534,101,16,357
1535,101,17,99
1536,101,18,240
1537,101,19,271
1538,101,20,100
1539,101,21,241
1540,101,22,271
1541,101,23,99
1542,101,24,323
1543,101,25,342
1544,101,26,94
1545,101,27,298
1546,101,28,291
1547,101,29,98
1548,101,30,235
1549,101,31,209
1550,102,1,0
1551,102,2,230
1552,102,3,480
1553,102,4,507
1554,102,5,170
1555,102,6,368
1556,102,7,458
1557,102,8,197
1558,102,9,481
1559,102,10,653
1560,102,11,176
1561,102,12,361
1562,102,13,487
1563,102,14,105
1564,102,15,241
1565,102,16,356
1566,102,17,256
1567,102,18,579
1568,102,19,768
1569,102,20,237
1570,102,21,550
1571,102,22,592
1572,102,23,142
1573,102,24,419
1574,102,25,520
1575,102,26,236
1576,102,27,537
1577,102,28,584
1578,102,29,172
1579,102,30,394
1580,102,31,573
1581,103,1,0
1582,103,2,7
1583,103,3,16
1584,103,4,9
1585,103,5,6
1586,103,6,13
1587,103,7,4
1588,103,8,5
1589,103,9,18
1590,103,10,5
1591,103,11,6
1592,103,12,11
1593,103,13,5
1594,103,14,4
1595,103,15,8
1596,103,16,3
1597,103,17,6
1598,103,18,21
1599,103,19,7
1600,103,20,7
1601,103,21,19
1602,103,22,13
1603,103,23,5
1604,103,24,13
1605,103,25,8
1606,103,26,7
1607,103,27,18
1608,103,28,12
1609,103,29,5
1610,103,30,14
1611,103,31,4
1612,104,1,0
1613,104,2,0
1614,104,3,0
1615,104,4,0
1616,104,5,0
1617,104,6,0
1618,104,7,0
1619,104,8,0
1620,104,9,0
1621,104,10,0
1622,104,11,0
1623,104,12,0
1624,104,13,0
1625,104,14,0
1626,104,15,0
1627,104,16,0
1628,104,17,0
1629,104,18,0
1630,104,19,0
1631,104,20,0
1632,104,21,0
1633,104,22,0
1634,104,23,0
1635,104,24,0
1636,104,25,0
1637,104,26,0
1638,104,27,0
1639,104,28,0
1640,104,29,0
1641,104,30,0
1642,104,31,0
1643,109,1,0
1644,109,2,0
1645,109,3,0
1646,109,4,0
1647,109,5,0
1648,109,6,0
1649,109,7,0
1650,109,8,0
1651,109,9,0
1652,109,10,0
1653,109,11,0
1654,109,12,0
1655,109,13,0
1656,109,14,0
1657,109,15,0
1658,109,16,0
1659,109,17,0
1660,109,18,0
1661,109,19,0
1662,109,20,0
1663,109,21,0
1664,109,22,0
1665,109,23,0
1666,109,24,0
1667,109,25,0
1668,109,26,0
1669,109,27,0
1670,109,28,0
1671,109,29,0
1672,109,30,0
1673,109,31,0
1674,110,1,0
1675,110,2,22
1676,110,3,72
1677,110,4,38
1678,110,5,19
1679,110,6,68
1680,110,7,34
1681,110,8,18
1682,110,9,68
1683,110,10,34
1684,110,11,23
1685,110,12,73
1686,110,13,40
1687,110,14,28
1688,110,15,83
1689,110,16,52
1690,110,17,19
1691,110,18,68
1692,110,19,34
1693,110,20,19
1694,110,21,68
1695,110,22,34
1696,110,23,25
1697,110,24,85
1698,110,25,51
1699,110,26,25
1700,110,27,75
1701,110,28,43
1702,110,29,19
1703,110,30,68
1704,110,31,33
1705,111,1,0
1706,111,2,106
1707,111,3,492
1708,111,4,279
1709,111,5,127
1710,111,6,604
1711,111,7,353
1712,111,8,104
1713,111,9,555
1714,111,10,360
1715,111,11,74
1716,111,12,456
1717,111,13,331
1718,111,14,87
1719,111,15,622
1720,111,16,361
1721,111,17,109
1722,111,18,584
1723,111,19,222
1724,111,20,175
1725,111,21,620
1726,111,22,305
1727,111,23,86
1728,111,24,481
1729,111,25,335
1730,111,26,85
1731,111,27,600
1732,111,28,304
1733,111,29,78
1734,111,30,655
1735,111,31,215
1736,112,1,0
1737,112,2,1
1738,112,3,1
1739,112,4,4
1740,112,5,2
1741,112,6,1
1742,112,7,4
1743,112,8,1
1744,112,9,0
1745,112,10,5
1746,112,11,2
1747,112,12,0
1748,112,13,8
1749,112,14,3
1750,112,15,0
1751,112,16,8
1752,112,17,0
1753,112,18,0
1754,112,19,6
1755,112,20,1
1756,112,21,1
1757,112,22,4
1758,112,23,1
1759,112,24,1
1760,112,25,8
1761,112,26,0
1762,112,27,0
1763,112,28,5
1764,112,29,1
1765,112,30,0
1766,112,31,3
1767,113,1,0
1768,113,2,28
1769,113,3,25
1770,113,4,88
1771,113,5,38
1772,113,6,26
1773,113,7,82
1774,113,8,26
1775,113,9,19
1776,113,10,106
1777,113,11,49
1778,113,12,42
1779,113,13,165
1780,113,14,59
1781,113,15,49
1782,113,16,178
1783,113,17,25
1784,113,18,17
1785,113,19,133
1786,113,20,38
1787,113,21,25
1788,113,22,81
1789,113,23,42
1790,113,24,45
1791,113,25,175
1792,113,26,13
1793,113,27,18
1794,113,28,86
1795,113,29,13
1796,113,30,12
1797,113,31,52
1798,114,1,0
1799,114,2,32
1800,114,3,30
1801,114,4,96
1802,114,5,44
1803,114,6,34
1804,114,7,87
1805,114,8,29
1806,114,9,26
1807,114,10,114
1808,114,11,55
1809,114,12,53
1810,114,13,178
1811,114,14,66
1812,114,15,61
1813,114,16,190
1814,114,17,30
1815,114,18,22
1816,114,19,144
1817,114,20,43
1818,114,21,30
1819,114,22,88
1820,114,23,48
1821,114,24,55
1822,114,25,189
1823,114,26,16
1824,114,27,25
1825,114,28,90
1826,114,29,17
1827,114,30,14
1828,114,31,56
1829,115,1,0
1830,115,2,20
1831,115,3,41
1832,115,4,33
1833,115,5,19
1834,115,6,39
1835,115,7,29
1836,115,8,18
1837,115,9,42
1838,115,10,34
1839,115,11,21
1840,115,12,43
1841,115,13,33
1842,115,14,19
1843,115,15,45
1844,115,16,38
1845,115,17,18
1846,115,18,38
1847,115,19,30
1848,115,20,18
1849,115,21,39
1850,115,22,30
1851,115,23,17
1852,115,24,47
1853,115,25,43
1854,115,26,18
1855,115,27,39
1856,115,28,32
1857,115,29,18
1858,115,30,36
1859,115,31,28
1860,116,1,0
1861,116,2,7
1862,116,3,13
1863,116,4,9
1864,116,5,7
1865,116,6,12
1866,116,7,9
1867,116,8,7
1868,116,9,13
1869,116,10,9
1870,116,11,7
1871,116,12,14
1872,116,13,10
1873,116,14,6
1874,116,15,14
1875,116,16,11
1876,116,17,6
1877,116,18,13
1878,116,19,9
1879,116,20,7
1880,116,21,12
1881,116,22,9
1882,116,23,6
1883,116,24,14
1884,116,25,12
1885,116,26,7
1886,116,27,13
1887,116,28,9
1888,116,29,7
1889,116,30,13
1890,116,31,9
1891,117,1,0
1892,117,2,20
1893,117,3,36
1894,117,4,24
1895,117,5,19
1896,117,6,35
1897,117,7,23
1898,117,8,18
1899,117,9,36
1900,117,10,25
1901,117,11,19
1902,117,12,38
1903,117,13,26
1904,117,14,17
1905,117,15,41
1906,117,16,28
1907,117,17,16
1908,117,18,37
1909,117,19,23
1910,117,20,19
1911,117,21,34
1912,117,22,24
1913,117,23,18
1914,117,24,40
1915,117,25,29
1916,117,26,20
1917,117,27,37
1918,117,28,25
1919,117,29,18
1920,117,30,35
1921,117,31,23
1922,118,1,0
1923,118,2,0
1924,118,3,0
1925,118,4,0
1926,118,5,0
1927,118,6,0
1928,118,7,0
1929,118,8,0
1930,118,9,0
1931,118,10,0
1932,118,11,0
1933,118,12,0
1934,118,13,0
1935,118,14,0
1936,118,15,0
1937,118,16,0
1938,118,17,0
1939,118,18,0
1940,118,19,0
1941,118,20,0
1942,118,21,0
1943,118,22,0
1944,118,23,0
1945,118,24,0
1946,118,25,0
1947,118,26,0
1948,118,27,0
1949,118,28,0
1950,118,29,0
1951,118,30,0
1952,118,31,0
1953,119,1,0
1954,119,2,37
1955,119,3,68
1956,119,4,45
1957,119,5,37
1958,119,6,65
1959,119,7,44
1960,119,8,34
1961,119,9,68
1962,119,10,47
1963,119,11,35
1964,119,12,72
1965,119,13,49
1966,119,14,32
1967,119,15,76
1968,119,16,53
1969,119,17,30
1970,119,18,69
1971,119,19,45
1972,119,20,36
1973,119,21,64
1974,119,22,45
1975,119,23,33
1976,119,24,76
1977,119,25,57
1978,119,26,37
1979,119,27,69
1980,119,28,47
1981,119,29,35
1982,119,30,67
1983,119,31,44
1984,134,1,0
1985,134,2,105
1986,134,3,95
1987,134,4,49
1988,134,5,114
1989,134,6,90
1990,134,7,53
1991,134,8,121
1992,134,9,57
1993,134,10,43
1994,134,11,117
1995,134,12,83
1996,134,13,42
1997,134,14,61
1998,134,15,81
1999,134,16,30
2000,134,17,108
2001,134,18,51
2002,134,19,36
2003,134,20,75
2004,134,21,77
2005,134,22,43
2006,134,23,55
2007,134,24,78
2008,134,25,29
2009,134,26,90
2010,134,27,89
2011,134,28,46
2012,134,29,125
2013,134,30,71
2014,134,31,48
2015,141,1,0
2016,141,2,198
2017,141,3,397
2018,141,4,442
2019,141,5,202
2020,141,6,437
2021,141,7,489
2022,141,8,206
2023,141,9,390
2024,141,10,475
2025,141,11,194
2026,141,12,440
2027,141,13,439
2028,141,14,261
2029,141,15,417
2030,141,16,413
2031,141,17,208
2032,141,18,417
2033,141,19,502
2034,141,20,232
2035,141,21,411
2036,141,22,508
2037,141,23,311
2038,141,24,412
2039,141,25,424
2040,141,26,223
2041,141,27,391
2042,141,28,429
2043,141,29,187
2044,141,30,381
2045,141,31,484
2046,144,1,0
2047,144,2,152
2048,144,3,307
2049,144,4,335
2050,144,5,157
2051,144,6,335
2052,144,7,372
2053,144,8,160
2054,144,9,299
2055,144,10,362
2056,144,11,152
2057,144,12,338
2058,144,13,335
2059,144,14,200
2060,144,15,323
2061,144,16,314
2062,144,17,162
2063,144,18,321
2064,144,19,383
2065,144,20,179
2066,144,21,317
2067,144,22,384
2068,144,23,238
2069,144,24,320
2070,144,25,321
2071,144,26,172
2072,144,27,301
2073,144,28,326
2074,144,29,146
2075,144,30,293
2076,144,31,369
2077,145,1,0
2078,145,2,122
2079,145,3,126
2080,145,4,155
2081,145,5,133
2082,145,6,137
2083,145,7,153
2084,145,8,137
2085,145,9,134
2086,145,10,187
2087,145,11,138
2088,145,12,128
2089,145,13,163
2090,145,14,119
2091,145,15,122
2092,145,16,135
2093,145,17,135
2094,145,18,130
2095,145,19,186
2096,145,20,133
2097,145,21,133
2098,145,22,178
2099,145,23,138
2100,145,24,131
2101,145,25,167
2102,145,26,128
2103,145,27,130
2104,145,28,155
2105,145,29,133
2106,145,30,129
2107,145,31,185
2108,148,1,0
2109,148,2,80
2110,148,3,164
2111,148,4,196
2112,148,5,82
2113,148,6,182
2114,148,7,217
2115,148,8,82
2116,148,9,162
2117,148,10,210
2118,148,11,77
2119,148,12,187
2120,148,13,194
2121,148,14,99
2122,148,15,184
2123,148,16,182
2124,148,17,85
2125,148,18,174
2126,148,19,220
2127,148,20,96
2128,148,21,168
2129,148,22,225
2130,148,23,118
2131,148,24,184
2132,148,25,186
2133,148,26,88
2134,148,27,167
2135,148,28,190
2136,148,29,77
2137,148,30,156
2138,148,31,213
2139,149,1,0
2140,149,2,103
2141,149,3,214
2142,149,4,130
2143,149,5,101
2144,149,6,228
2145,149,7,142
2146,149,8,106
2147,149,9,235
2148,149,10,167
2149,149,11,110
2150,149,12,196
2151,149,13,169
2152,149,14,74
2153,149,15,180
2154,149,16,192
2155,149,17,85
2156,149,18,190
2157,149,19,150
2158,149,20,84
2159,149,21,224
2160,149,22,151
2161,149,23,72
2162,149,24,207
2163,149,25,203
2164,149,26,101
2165,149,27,211
2166,149,28,126
2167,149,29,105
2168,149,30,227
2169,149,31,154
2170,154,1,0
2171,154,2,123
2172,154,3,149
2173,154,4,156
2174,154,5,124
2175,154,6,150
2176,154,7,155
2177,154,8,122
2178,154,9,149
2179,154,10,150
2180,154,11,122
2181,154,12,147
2182,154,13,153
2183,154,14,121
2184,154,15,148
2185,154,16,156
2186,154,17,119
2187,154,18,145
2188,154,19,148
2189,154,20,124
2190,154,21,150
2191,154,22,157
2192,154,23,123
2193,154,24,152
2194,154,25,159
2195,154,26,120
2196,154,27,146
2197,154,28,154
2198,154,29,121
2199,154,30,147
2200,154,31,150
2201,155,1,0
2202,155,2,119
2203,155,3,133
2204,155,4,77
2205,155,5,113
2206,155,6,128
2207,155,7,78
2208,155,8,112
2209,155,9,133
2210,155,10,88
2211,155,11,120
2212,155,12,133
2213,155,13,78
2214,155,14,133
2215,155,15,143
2216,155,16,81
2217,155,17,111
2218,155,18,127
2219,155,19,80
2220,155,20,111
2221,155,21,126
2222,155,22,75
2223,155,23,129
2224,155,24,141
2225,155,25,82
2226,155,26,124
2227,155,27,138
2228,155,28,77
2229,155,29,112
2230,155,30,129
2231,155,31,81
2232,156,1,0
2233,156,2,599
2234,156,3,642
2235,156,4,384
2236,156,5,627
2237,156,6,633
2238,156,7,383
2239,156,8,697
2240,156,9,684
2241,156,10,402
2242,156,11,586
2243,156,12,649
2244,156,13,390
2245,156,14,606
2246,156,15,650
2247,156,16,376
2248,156,17,600
2249,156,18,566
2250,156,19,338
2251,156,20,608
2252,156,21,539
2253,156,22,320
2254,156,23,657
2255,156,24,664
2256,156,25,377
2257,156,26,591
2258,156,27,652
2259,156,28,384
2260,156,29,641
2261,156,30,642
2262,156,31,388
2263,158,1,0
2264,158,2,20
2265,158,3,31
2266,158,4,31
2267,158,5,25
2268,158,6,34
2269,158,7,42
2270,158,8,27
2271,158,9,34
2272,158,10,39
2273,158,11,28
2274,158,12,40
2275,158,13,44
2276,158,14,24
2277,158,15,39
2278,158,16,39
2279,158,17,41
2280,158,18,52
2281,158,19,44
2282,158,20,23
2283,158,21,32
2284,158,22,37
2285,158,23,25
2286,158,24,38
2287,158,25,38
2288,158,26,22
2289,158,27,36
2290,158,28,34
2291,158,29,31
2292,158,30,37
2293,158,31,32
2294,160,1,0
2295,160,2,12
2296,160,3,22
2297,160,4,14
2298,160,5,12
2299,160,6,21
2300,160,7,14
2301,160,8,11
2302,160,9,22
2303,160,10,15
2304,160,11,11
2305,160,12,23
2306,160,13,16
2307,160,14,10
2308,160,15,25
2309,160,16,17
2310,160,17,10
2311,160,18,22
2312,160,19,14
2313,160,20,12
2314,160,21,21
2315,160,22,14
2316,160,23,11
2317,160,24,24
2318,160,25,18
2319,160,26,12
2320,160,27,22
2321,160,28,15
2322,160,29,11
2323,160,30,21
2324,160,31,14
2325,161,1,0
2326,161,2,103
2327,161,3,186
2328,161,4,124
2329,161,5,101
2330,161,6,180
2331,161,7,121
2332,161,8,93
2333,161,9,190
2334,161,10,129
2335,161,11,97
2336,161,12,199
2337,161,13,132
2338,161,14,87
2339,161,15,210
2340,161,16,145
2341,161,17,84
2342,161,18,190
2343,161,19,122
2344,161,20,101
2345,161,21,176
2346,161,22,123
2347,161,23,92
2348,161,24,209
2349,161,25,153
2350,161,26,103
2351,161,27,189
2352,161,28,127
2353,161,29,96
2354,161,30,184
2355,161,31,122
2356,166,1,0
2357,166,2,0
2358,166,3,0
2359,166,4,0
2360,166,5,0
2361,166,6,0
2362,166,7,0
2363,166,8,0
2364,166,9,0
2365,166,10,0
2366,166,11,0
2367,166,12,0
2368,166,13,0
2369,166,14,0
2370,166,15,0
2371,166,16,0
2372,166,17,0
2373,166,18,0
2374,166,19,0
2375,166,20,0
2376,166,21,0
2377,166,22,0
2378,166,23,0
2379,166,24,0
2380,166,25,0
2381,166,26,0
2382,166,27,0
2383,166,28,0
2384,166,29,0
2385,166,30,0
2386,166,31,0
2387,168,1,0
2388,168,2,0
2389,168,3,0
2390,168,4,0
2391,168,5,0
2392,168,6,0
2393,168,7,0
2394,168,8,0
2395,168,9,0
2396,168,10,0
2397,168,11,0
2398,168,12,0
2399,168,13,0
2400,168,14,0
2401,168,15,0
2402,168,16,0
2403,168,17,0
2404,168,18,0
2405,168,19,0
2406,168,20,0
2407,168,21,0
2408,168,22,0
2409,168,23,0
2410,168,24,0
2411,168,25,0
2412,168,26,0
2413,168,27,0
2414,168,28,0
2415,168,29,0
2416,168,30,0
2417,168,31,0
2418,168,32,0
2419,168,33,0
2420,168,34,0
2421,168,35,0
2422,168,36,0
2423,168,37,0
2424,168,38,0
2425,168,39,0
2426,168,40,0
2427,168,41,0
2428,168,42,0
2429,168,43,0
2430,168,44,0
2431,168,45,0
2432,168,46,0
2433,168,47,0
2434,168,48,0
2435,168,49,0
2436,168,50,0
2437,168,51,0
2438,168,52,0
2439,168,53,0
2440,168,54,0
2441,168,55,0
2442,168,56,0
2443,168,57,0
2444,168,58,0
2445,168,59,0
2446,168,60,0
2447,168,61,0
2448,169,1,0
2449,169,2,593
2450,169,3,902
2451,169,4,1584
2452,169,5,589
2453,169,6,1044
2454,169,7,1581
2455,169,8,543
2456,169,9,1111
2457,169,10,1564
2458,169,11,593
2459,169,12,989
2460,169,13,1624
2461,169,14,534
2462,169,15,867
2463,169,16,1587
2464,169,17,607
2465,169,18,1286
2466,169,19,1574
2467,169,20,627
2468,169,21,1181
2469,169,22,1533
2470,169,23,497
2471,169,24,879
2472,169,25,1512
2473,169,26,575
2474,169,27,897
2475,169,28,1624
2476,169,29,597
2477,169,30,1252
2478,169,31,1617
2479,169,32,593
2480,169,33,902
2481,169,34,1584
2482,169,35,589
2483,169,36,1044
2484,169,37,1581
2485,169,38,543
2486,169,39,1111
2487,169,40,1564
2488,169,41,593
2489,169,42,989
2490,169,43,1624
2491,169,44,534
2492,169,45,867
2493,169,46,1587
2494,169,47,607
2495,169,48,1286
2496,169,49,1574
2497,169,50,627
2498,169,51,1181
2499,169,52,1533
2500,169,53,497
2501,169,54,879
2502,169,55,1512
2503,169,56,575
2504,169,57,897
2505,169,58,1624
2506,169,59,597
2507,169,60,1252
2508,169,61,1617
2509,171,1,0
2510,171,2,0
2511,171,3,0
2512,171,4,0
2513,171,5,0
2514,171,6,0
2515,171,7,0
2516,171,8,0
2517,171,9,0
2518,171,10,0
2519,171,11,0
2520,171,12,0
2521,171,13,0
2522,171,14,0
2523,171,15,0
2524,171,16,0
2525,171,17,0
2526,171,18,0
2527,171,19,0
2528,171,20,0
2529,171,21,0
2530,171,22,0
2531,171,23,0
2532,171,24,0
2533,171,25,0
2534,171,26,0
2535,171,27,0
2536,171,28,0
2537,171,29,0
2538,171,30,0
2539,171,31,0
2540,172,1,0
2541,172,2,1331
2542,172,3,1708
2543,172,4,2076
2544,172,5,1354
2545,172,6,1839
2546,172,7,2084
2547,172,8,1379
2548,172,9,1962
2549,172,10,2093
2550,172,11,1327
2551,172,12,1811
2552,172,13,2136
2553,172,14,1297
2554,172,15,1699
2555,172,16,2083
2556,172,17,1359
2557,172,18,2031
2558,172,19,2036
2559,172,20,1369
2560,172,21,1878
2561,172,22,1965
2562,172,23,1308
2563,172,24,1722
2564,172,25,2009
2565,172,26,1312
2566,172,27,1723
2567,172,28,2119
2568,172,29,1381
2569,172,30,2060
2570,172,31,2118
2571,173,1,0
2572,173,2,1331
2573,173,3,1708
2574,173,4,2076
2575,173,5,1354
2576,173,6,1839
2577,173,7,2084
2578,173,8,1379
2579,173,9,1962
2580,173,10,2093
2581,173,11,1327
2582,173,12,1811
2583,173,13,2136
2584,173,14,1297
2585,173,15,1699
2586,173,16,2083
2587,173,17,1359
2588,173,18,2031
2589,173,19,2036
2590,173,20,1369
2591,173,21,1878
2592,173,22,1965
2593,173,23,1308
2594,173,24,1722
2595,173,25,2009
2596,173,26,1312
2597,173,27,1723
2598,173,28,2119
2599,173,29,1381
2600,173,30,2060
2601,173,31,2118
2602,175,1,0
2603,175,2,1331
2604,175,3,1708
2605,175,4,2076
2606,175,5,1354
2607,175,6,1839
2608,175,7,2084
2609,175,8,1379
2610,175,9,1962
2611,175,10,2093
2612,175,11,1327
2613,175,12,1811
2614,175,13,2136
2615,175,14,1297
2616,175,15,1699
2617,175,16,2083
2618,175,17,1359
2619,175,18,2031
2620,175,19,2036
2621,175,20,1369
2622,175,21,1878
2623,175,22,1965
2624,175,23,1308
2625,175,24,1722
2626,175,25,2009
2627,175,26,1312
2628,175,27,1723
2629,175,28,2119
2630,175,29,1381
2631,175,30,2060
2632,175,31,2118
2633,176,1,0
2634,176,2,1331
2635,176,3,1708
2636,176,4,2076
2637,176,5,1354
2638,176,6,1839
2639,176,7,2084
2640,176,8,1379
2641,176,9,1962
2642,176,10,2093
2643,176,11,1327
2644,176,12,1811
2645,176,13,2136
2646,176,14,1297
2647,176,15,1699
2648,176,16,2083
2649,176,17,1359
2650,176,18,2031
2651,176,19,2036
2652,176,20,1369
2653,176,21,1878
2654,176,22,1965
2655,176,23,1308
2656,176,24,1722
2657,176,25,2009
2658,176,26,1312
2659,176,27,1723
2660,176,28,2119
2661,176,29,1381
2662,176,30,2060
2663,176,31,2118
2664,178,1,0
2665,178,2,1331
2666,178,3,1708
2667,178,4,2076
2668,178,5,1354
2669,178,6,1839
2670,178,7,2084
2671,178,8,1379
2672,178,9,1962
2673,178,10,2093
2674,178,11,1327
2675,178,12,1811
2676,178,13,2136
2677,178,14,1297
2678,178,15,1699
2679,178,16,2083
2680,178,17,1359
2681,178,18,2031
2682,178,19,2036
2683,178,20,1369
2684,178,21,1878
2685,178,22,1965
2686,178,23,1308
2687,178,24,1722
2688,178,25,2009
2689,178,26,1312
2690,178,27,1723
2691,178,28,2119
2692,178,29,1381
2693,178,30,2060
2694,178,31,2118
2695,183,1,0
2696,183,2,1
2697,183,3,2
2698,183,4,2
2699,183,5,0
2700,183,6,1
2701,183,7,2
2702,183,8,0
2703,183,9,2
2704,183,10,2
2705,183,11,1
2706,183,12,1
2707,183,13,1
2708,183,14,1
2709,183,15,2
2710,183,16,1
2711,183,17,2
2712,183,18,2
2713,183,19,2
2714,183,20,1
2715,183,21,2
2716,183,22,2
2717,183,23,0
2718,183,24,2
2719,183,25,2
2720,183,26,2
2721,183,27,2
2722,183,28,2
2723,183,29,1
2724,183,30,1
2725,183,31,1
2726,188,1,0
2727,188,2,53
2728,188,3,17
2729,188,4,44
2730,188,5,64
2731,188,6,2
2732,188,7,64
2733,188,8,79
2734,188,9,32
2735,188,10,45
2736,188,11,52
2737,188,12,18
2738,188,13,38
2739,188,14,28
2740,188,15,3
2741,188,16,51
2742,188,17,52
2743,188,18,46
2744,188,19,25
2745,188,20,32
2746,188,21,-1
2747,188,22,66
2748,188,23,22
2749,188,24,-6
2750,188,25,60
2751,188,26,48
2752,188,27,11
2753,188,28,41
2754,188,29,71
2755,188,30,39
2756,188,31,40
2757,190,1,0
2758,190,2,333
2759,190,3,325
2760,190,4,331
2761,190,5,340
2762,190,6,329
2763,190,7,348
2764,190,8,337
2765,190,9,328
2766,190,10,336
2767,190,11,338
2768,190,12,327
2769,190,13,349
2770,190,14,331
2771,190,15,323
2772,190,16,323
2773,190,17,356
2774,190,18,330
2775,190,19,374
2776,190,20,338
2777,190,21,329
2778,190,22,353
2779,190,23,334
2780,190,24,324
2781,190,25,331
2782,190,26,329
2783,190,27,322
2784,190,28,318
2785,190,29,334
2786,190,30,321
2787,190,31,330
2788,191,1,0
2789,191,2,50
2790,191,3,118
2791,191,4,91
2792,191,5,56
2793,191,6,127
2794,191,7,95
2795,191,8,55
2796,191,9,138
2797,191,10,99
2798,191,11,45
2799,191,12,110
2800,191,13,88
2801,191,14,42
2802,191,15,122
2803,191,16,100
2804,191,17,48
2805,191,18,125
2806,191,19,90
2807,191,20,59
2808,191,21,134
2809,191,22,98
2810,191,23,47
2811,191,24,140
2812,191,25,110
2813,191,26,49
2814,191,27,124
2815,191,28,96
2816,191,29,50
2817,191,30,128
2818,191,31,91
2819,196,1,0
2820,196,2,39
2821,196,3,53
2822,196,4,40
2823,196,5,40
2824,196,6,55
2825,196,7,46
2826,196,8,39
2827,196,9,55
2828,196,10,46
2829,196,11,39
2830,196,12,52
2831,196,13,39
2832,196,14,36
2833,196,15,48
2834,196,16,35
2835,196,17,39
2836,196,18,53
2837,196,19,41
2838,196,20,40
2839,196,21,54
2840,196,22,43
2841,196,23,36
2842,196,24,47
2843,196,25,35
2844,196,26,39
2845,196,27,52
2846,196,28,39
2847,196,29,39
2848,196,30,55
2849,196,31,47
2850,204,1,0
2851,204,2,996
2852,204,3,1806
2853,204,4,2025
2854,204,5,1047
2855,204,6,1507
2856,204,7,1834
2857,204,8,881
2858,204,9,1440
2859,204,10,1786
2860,204,11,998
2861,204,12,1408
2862,204,13,1814
2863,204,14,932
2864,204,15,1601
2865,204,16,1996
2866,204,17,882
2867,204,18,1722
2868,204,19,2068
2869,204,20,1070
2870,204,21,1623
2871,204,22,1969
2872,204,23,1024
2873,204,24,1489
2874,204,25,1928
2875,204,26,946
2876,204,27,1666
2877,204,28,2061
2878,204,29,1019
2879,204,30,1934
2880,204,31,2140
2881,205,1,0
2882,205,2,91
2883,205,3,121
2884,205,4,142
2885,205,5,85
2886,205,6,117
2887,205,7,161
2888,205,8,81
2889,205,9,122
2890,205,10,172
2891,205,11,85
2892,205,12,115
2893,205,13,148
2894,205,14,75
2895,205,15,102
2896,205,16,146
2897,205,17,98
2898,205,18,142
2899,205,19,165
2900,205,20,90
2901,205,21,121
2902,205,22,158
2903,205,23,73
2904,205,24,100
2905,205,25,148
2906,205,26,89
2907,205,27,116
2908,205,28,139
2909,205,29,92
2910,205,30,138
2911,205,31,154
2912,206,1,0
2913,206,2,9
2914,206,3,6
2915,206,4,12
2916,206,5,11
2917,206,6,7
2918,206,7,13
2919,206,8,11
2920,206,9,7
2921,206,10,14
2922,206,11,11
2923,206,12,6
2924,206,13,13
2925,206,14,10
2926,206,15,6
2927,206,16,13
2928,206,17,13
2929,206,18,7
2930,206,19,14
2931,206,20,11
2932,206,21,8
2933,206,22,13
2934,206,23,10
2935,206,24,6
2936,206,25,15
2937,206,26,10
2938,206,27,6
2939,206,28,13
2940,206,29,10
2941,206,30,7
2942,206,31,12
2943,207,1,0
2944,207,2,1
2945,207,3,-1
2946,207,4,3
2947,207,5,1
2948,207,6,-1
2949,207,7,3
2950,207,8,1
2951,207,9,-1
2952,207,10,3
2953,207,11,1
2954,207,12,0
2955,207,13,2
2956,207,14,2
2957,207,15,-1
2958,207,16,3
2959,207,17,2
2960,207,18,-1
2961,207,19,3
2962,207,20,1
2963,207,21,-1
2964,207,22,3
2965,207,23,2
2966,207,24,-1
2967,207,25,4
2968,207,26,1
2969,207,27,-1
2970,207,28,3
2971,207,29,2
2972,207,30,-1
2973,207,31,3
2974,209,1,0
2975,209,2,232
2976,209,3,302
2977,209,4,290
2978,209,5,257
2979,209,6,322
2980,209,7,297
2981,209,8,245
2982,209,9,309
2983,209,10,284
2984,209,11,234
2985,209,12,302
2986,209,13,287
2987,209,14,221
2988,209,15,304
2989,209,16,301
2990,209,17,229
2991,209,18,282
2992,209,19,272
2993,209,20,265
2994,209,21,327
2995,209,22,306
2996,209,23,231
2997,209,24,318
2998,209,25,317
2999,209,26,237
3000,209,27,307
3001,209,28,294
3002,209,29,222
3003,209,30,281
3004,209,31,264
3005,211,1,0
3006,211,2,148
3007,211,3,206
3008,211,4,116
3009,211,5,170
3010,211,6,236
3011,211,7,131
3012,211,8,167
3013,211,9,228
3014,211,10,130
3015,211,11,170
3016,211,12,225
3017,211,13,139
3018,211,14,151
3019,211,15,181
3020,211,16,121
3021,211,17,158
3022,211,18,183
3023,211,19,122
3024,211,20,148
3025,211,21,226
3026,211,22,119
3027,211,23,134
3028,211,24,189
3029,211,25,114
3030,211,26,138
3031,211,27,193
3032,211,28,125
3033,211,29,167
3034,211,30,178
3035,211,31,113
3036,215,1,0
3037,215,2,493
3038,215,3,1440
3039,215,4,754
3040,215,5,590
3041,215,6,1394
3042,215,7,955
3043,215,8,329
3044,215,9,1231
3045,215,10,1114
3046,215,11,480
3047,215,12,1594
3048,215,13,859
3049,215,14,273
3050,215,15,1132
3051,215,16,646
3052,215,17,304
3053,215,18,1605
3054,215,19,716
3055,215,20,647
3056,215,21,1492
3057,215,22,1045
3058,215,23,319
3059,215,24,1032
3060,215,25,758
3061,215,26,355
3062,215,27,1306
3063,215,28,577
3064,215,29,325
3065,215,30,1663
3066,215,31,802
3067,216,1,0
3068,216,2,26
3069,216,3,165
3070,216,4,117
3071,216,5,42
3072,216,6,203
3073,216,7,138
3074,216,8,32
3075,216,9,186
3076,216,10,141
3077,216,11,33
3078,216,12,164
3079,216,13,132
3080,216,14,15
3081,216,15,92
3082,216,16,90
3083,216,17,24
3084,216,18,183
3085,216,19,127
3086,216,20,36
3087,216,21,198
3088,216,22,122
3089,216,23,13
3090,216,24,92
3091,216,25,112
3092,216,26,18
3093,216,27,137
3094,216,28,110
3095,216,29,23
3096,216,30,182
3097,216,31,120
3098,217,1,0
3099,217,2,22
3100,217,3,461
3101,217,4,228
3102,217,5,23
3103,217,6,524
3104,217,7,269
3105,217,8,34
3106,217,9,472
3107,217,10,262
3108,217,11,2
3109,217,12,504
3110,217,13,265
3111,217,14,38
3112,217,15,512
3113,217,16,321
3114,217,17,8
3115,217,18,544
3116,217,19,256
3117,217,20,10
3118,217,21,496
3119,217,22,260
3120,217,23,53
3121,217,24,697
3122,217,25,416
3123,217,26,51
3124,217,27,573
3125,217,28,281
3126,217,29,29
3127,217,30,514
3128,217,31,241
3129,220,1,0
3130,220,2,15
3131,220,3,68
3132,220,4,76
3133,220,5,12
3134,220,6,70
3135,220,7,84
3136,220,8,15
3137,220,9,66
3138,220,10,97
3139,220,11,16
3140,220,12,58
3141,220,13,64
3142,220,14,8
3143,220,15,25
3144,220,16,58
3145,220,17,11
3146,220,18,34
3147,220,19,62
3148,220,20,15
3149,220,21,57
3150,220,22,88
3151,220,23,7
3152,220,24,22
3153,220,25,67
3154,220,26,17
3155,220,27,64
3156,220,28,79
3157,220,29,13
3158,220,30,64
3159,220,31,83
3160,222,1,0
3161,222,2,69
3162,222,3,418
3163,222,4,384
3164,222,5,89
3165,222,6,627
3166,222,7,402
3167,222,8,68
3168,222,9,612
3169,222,10,519
3170,222,11,63
3171,222,12,318
3172,222,13,332
3173,222,14,40
3174,222,15,388
3175,222,16,348
3176,222,17,75
3177,222,18,678
3178,222,19,434
3179,222,20,82
3180,222,21,541
3181,222,22,446
3182,222,23,34
3183,222,24,317
3184,222,25,263
3185,222,26,42
3186,222,27,231
3187,222,28,358
3188,222,29,83
3189,222,30,637
3190,222,31,439
3191,227,1,0
3192,227,2,839
3193,227,3,1343
3194,227,4,1950
3195,227,5,828
3196,227,6,1296
3197,227,7,1925
3198,227,8,883
3199,227,9,1475
3200,227,10,2279
3201,227,11,856
3202,227,12,1377
3203,227,13,1984
3204,227,14,895
3205,227,15,1500
3206,227,16,2345
3207,227,17,866
3208,227,18,1395
3209,227,19,2129
3210,227,20,825
3211,227,21,1283
3212,227,22,1929
3213,227,23,920
3214,227,24,1484
3215,227,25,2459
3216,227,26,865
3217,227,27,1433
3218,227,28,2094
3219,227,29,843
3220,227,30,1388
3221,227,31,2077
3222,228,1,0
3223,228,2,60
3224,228,3,102
3225,228,4,206
3226,228,5,61
3227,228,6,97
3228,228,7,204
3229,228,8,62
3230,228,9,108
3231,228,10,241
3232,228,11,60
3233,228,12,109
3234,228,13,207
3235,228,14,61
3236,228,15,117
3237,228,16,237
3238,228,17,63
3239,228,18,100
3240,228,19,227
3241,228,20,61
3242,228,21,95
3243,228,22,204
3244,228,23,63
3245,228,24,116
3246,228,25,247
3247,228,26,59
3248,228,27,111
3249,228,28,218
3250,228,29,62
3251,228,30,100
3252,228,31,222
3253,229,1,0
3254,229,2,2106
3255,229,3,2594
3256,229,4,3009
3257,229,5,2012
3258,229,6,2709
3259,229,7,3061
3260,229,8,2171
3261,229,9,2688
3262,229,10,3138
3263,229,11,1902
3264,229,12,2747
3265,229,13,3146
3266,229,14,1984
3267,229,15,2866
3268,229,16,3435
3269,229,17,2370
3270,229,18,2775
3271,229,19,3242
3272,229,20,2206
3273,229,21,2791
3274,229,22,3093
3275,229,23,2089
3276,229,24,2991
3277,229,25,3481
3278,229,26,2068
3279,229,27,2814
3280,229,28,3185
3281,229,29,2226
3282,229,30,2635
3283,229,31,2999
3284,230,1,0
3285,230,2,9
3286,230,3,14
3287,230,4,36
3288,230,5,9
3289,230,6,11
3290,230,7,41
3291,230,8,7
3292,230,9,14
3293,230,10,40
3294,230,11,7
3295,230,12,12
3296,230,13,40
3297,230,14,6
3298,230,15,11
3299,230,16,41
3300,230,17,9
3301,230,18,14
3302,230,19,40
3303,230,20,9
3304,230,21,12
3305,230,22,42
3306,230,23,4
3307,230,24,13
3308,230,25,44
3309,230,26,7
3310,230,27,16
3311,230,28,37
3312,230,29,10
3313,230,30,13
3314,230,31,38
3315,237,1,0
3316,237,2,185
3317,237,3,492
3318,237,4,454
3319,237,5,179
3320,237,6,476
3321,237,7,449
3322,237,8,168
3323,237,9,487
3324,237,10,447
3325,237,11,186
3326,237,12,495
3327,237,13,460
3328,237,14,181
3329,237,15,508
3330,237,16,447
3331,237,17,175
3332,237,18,453
3333,237,19,431
3334,237,20,176
3335,237,21,450
3336,237,22,426
3337,237,23,177
3338,237,24,502
3339,237,25,438
3340,237,26,183
3341,237,27,504
3342,237,28,455
3343,237,29,176
3344,237,30,477
3345,237,31,450
3346,238,1,0
3347,238,2,40
3348,238,3,55
3349,238,4,75
3350,238,5,44
3351,238,6,60
3352,238,7,72
3353,238,8,42
3354,238,9,56
3355,238,10,63
3356,238,11,41
3357,238,12,57
3358,238,13,79
3359,238,14,41
3360,238,15,54
3361,238,16,82
3362,238,17,39
3363,238,18,54
3364,238,19,83
3365,238,20,41
3366,238,21,59
3367,238,22,72
3368,238,23,40
3369,238,24,55
3370,238,25,77
3371,238,26,40
3372,238,27,57
3373,238,28,90
3374,238,29,38
3375,238,30,55
3376,238,31,77
3377,239,1,0
3378,239,2,78
3379,239,3,115
3380,239,4,142
3381,239,5,87
3382,239,6,123
3383,239,7,142
3384,239,8,83
3385,239,9,114
3386,239,10,127
3387,239,11,82
3388,239,12,120
3389,239,13,150
3390,239,14,79
3391,239,15,117
3392,239,16,153
3393,239,17,78
3394,239,18,113
3395,239,19,161
3396,239,20,83
3397,239,21,120
3398,239,22,140
3399,239,23,80
3400,239,24,116
3401,239,25,146
3402,239,26,80
3403,239,27,122
3404,239,28,169
3405,239,29,77
3406,239,30,112
3407,239,31,152
3408,240,1,0
3409,240,2,61
3410,240,3,67
3411,240,4,93
3412,240,5,63
3413,240,6,63
3414,240,7,83
3415,240,8,58
3416,240,9,57
3417,240,10,79
3418,240,11,61
3419,240,12,61
3420,240,13,83
3421,240,14,58
3422,240,15,63
3423,240,16,87
3424,240,17,57
3425,240,18,55
3426,240,19,72
3427,240,20,60
3428,240,21,64
3429,240,22,84
3430,240,23,59
3431,240,24,66
3432,240,25,86
3433,240,26,59
3434,240,27,67
3435,240,28,84
3436,240,29,62
3437,240,30,60
3438,240,31,84
3439,241,1,0
3440,241,2,10
3441,241,3,16
3442,241,4,26
3443,241,5,9
3444,241,6,18
3445,241,7,27
3446,241,8,8
3447,241,9,20
3448,241,10,27
3449,241,11,10
3450,241,12,16
3451,241,13,25
3452,241,14,10
3453,241,15,16
3454,241,16,26
3455,241,17,9
3456,241,18,20
3457,241,19,27
3458,241,20,9
3459,241,21,19
3460,241,22,25
3461,241,23,9
3462,241,24,17
3463,241,25,25
3464,241,26,11
3465,241,27,15
3466,241,28,26
3467,241,29,9
3468,241,30,20
3469,241,31,27
3470,242,1,0
3471,242,2,26
3472,242,3,25
3473,242,4,37
3474,242,5,27
3475,242,6,25
3476,242,7,33
3477,242,8,25
3478,242,9,23
3479,242,10,30
3480,242,11,27
3481,242,12,23
3482,242,13,33
3483,242,14,25
3484,242,15,24
3485,242,16,34
3486,242,17,24
3487,242,18,22
3488,242,19,25
3489,242,20,27
3490,242,21,25
3491,242,22,33
3492,242,23,24
3493,242,24,27
3494,242,25,32
3495,242,26,25
3496,242,27,26
3497,242,28,33
3498,242,29,26
3499,242,30,23
3500,242,31,31
3501,243,1,0
3502,243,2,36
3503,243,3,-5
3504,243,4,38
3505,243,5,36
3506,243,6,-2
3507,243,7,27
3508,243,8,35
3509,243,9,1
3510,243,10,18
3511,243,11,35
3512,243,12,-8
3513,243,13,31
3514,243,14,32
3515,243,15,-10
3516,243,16,38
3517,243,17,34
3518,243,18,1
3519,243,19,5
3520,243,20,35
3521,243,21,1
3522,243,22,31
3523,243,23,31
3524,243,24,-7
3525,243,25,36
3526,243,26,35
3527,243,27,-10
3528,243,28,26
3529,243,29,37
3530,243,30,0
3531,243,31,9
3532,244,1,0
3533,244,2,0
3534,244,3,0
3535,244,4,0
3536,244,5,0
3537,244,6,0
3538,244,7,0
3539,244,8,0
3540,244,9,0
3541,244,10,0
3542,244,11,0
3543,244,12,0
3544,244,13,0
3545,244,14,0
3546,244,15,0
3547,244,16,0
3548,244,17,0
3549,244,18,0
3550,244,19,0
3551,244,20,0
3552,244,21,0
3553,244,22,0
3554,244,23,0
3555,244,24,0
3556,244,25,0
3557,244,26,0
3558,244,27,0
3559,244,28,0
3560,244,29,0
3561,244,30,0
3562,244,31,0
3563,245,1,0
3564,245,2,359
3565,245,3,465
3566,245,4,676
3567,245,5,374
3568,245,6,464
3569,245,7,677
3570,245,8,376
3571,245,9,421
3572,245,10,661
3573,245,11,374
3574,245,12,471
3575,245,13,685
3576,245,14,376
3577,245,15,448
3578,245,16,667
3579,245,17,381
3580,245,18,422
3581,245,19,665
3582,245,20,357
3583,245,21,444
3584,245,22,673
3585,245,23,376
3586,245,24,434
3587,245,25,660
3588,245,26,372
3589,245,27,436
3590,245,28,671
3591,245,29,367
3592,245,30,420
3593,245,31,652
3594,246,1,0
3595,246,2,639
3596,246,3,393
3597,246,4,1253
3598,246,5,638
3599,246,6,416
3600,246,7,1260
3601,246,8,682
3602,246,9,476
3603,246,10,1264
3604,246,11,686
3605,246,12,410
3606,246,13,1213
3607,246,14,771
3608,246,15,427
3609,246,16,1310
3610,246,17,703
3611,246,18,453
3612,246,19,1208
3613,246,20,625
3614,246,21,374
3615,246,22,1323
3616,246,23,771
3617,246,24,435
3618,246,25,1370
3619,246,26,648
3620,246,27,379
3621,246,28,1259
3622,246,29,658
3623,246,30,463
3624,246,31,1220
3625,247,1,0
3626,247,2,161
3627,247,3,284
3628,247,4,230
3629,247,5,161
3630,247,6,302
3631,247,7,229
3632,247,8,155
3633,247,9,310
3634,247,10,219
3635,247,11,155
3636,247,12,284
3637,247,13,234
3638,247,14,152
3639,247,15,315
3640,247,16,251
3641,247,17,166
3642,247,18,293
3643,247,19,227
3644,247,20,168
3645,247,21,308
3646,247,22,233
3647,247,23,156
3648,247,24,344
3649,247,25,255
3650,247,26,166
3651,247,27,293
3652,247,28,243
3653,247,29,165
3654,247,30,290
3655,247,31,220
3656,248,1,0
3657,248,2,6
3658,248,3,11
3659,248,4,10
3660,248,5,6
3661,248,6,12
3662,248,7,11
3663,248,8,5
3664,248,9,13
3665,248,10,10
3666,248,11,6
3667,248,12,11
3668,248,13,10
3669,248,14,6
3670,248,15,11
3671,248,16,12
3672,248,17,6
3673,248,18,12
3674,248,19,11
3675,248,20,6
3676,248,21,12
3677,248,22,10
3678,248,23,6
3679,248,24,13
3680,248,25,12
3681,248,26,7
3682,248,27,12
3683,248,28,11
3684,248,29,6
3685,248,30,12
3686,248,31,10
3687,249,1,0
3688,249,2,2
3689,249,3,3
3690,249,4,13
3691,249,5,2
3692,249,6,3
3693,249,7,12
3694,249,8,3
3695,249,9,3
3696,249,10,13
3697,249,11,2
3698,249,12,3
3699,249,13,15
3700,249,14,2
3701,249,15,3
3702,249,16,16
3703,249,17,3
3704,249,18,3
3705,249,19,13
3706,249,20,2
3707,249,21,3
3708,249,22,12
3709,249,23,2
3710,249,24,3
3711,249,25,15
3712,249,26,2
3713,249,27,4
3714,249,28,14
3715,249,29,2
3716,249,30,2
3717,249,31,12
3718,251,1,0
3719,251,2,38
3720,251,3,45
3721,251,4,41
3722,251,5,38
3723,251,6,44
3724,251,7,43
3725,251,8,41
3726,251,9,43
3727,251,10,43
3728,251,11,38
3729,251,12,46
3730,251,13,42
3731,251,14,39
3732,251,15,46
3733,251,16,41
3734,251,17,36
3735,251,18,42
3736,251,19,39
3737,251,20,35
3738,251,21,42
3739,251,22,40
3740,251,23,38
3741,251,24,45
3742,251,25,42
3743,251,26,38
3744,251,27,45
3745,251,28,40
3746,251,29,40
3747,251,30,44
3748,251,31,42
3749,252,1,0
3750,252,2,0
3751,252,3,0
3752,252,4,0
3753,252,5,0
3754,252,6,0
3755,252,7,0
3756,252,8,0
3757,252,9,0
3758,252,10,0
3759,252,11,0
3760,252,12,0
3761,252,13,0
3762,252,14,0
3763,252,15,0
3764,252,16,0
3765,252,17,0
3766,252,18,0
3767,252,19,0
3768,252,20,0
3769,252,21,0
3770,252,22,0
3771,252,23,0
3772,252,24,0
3773,252,25,0
3774,252,26,0
3775,252,27,0
3776,252,28,0
3777,252,29,0
3778,252,30,0
3779,252,31,0
3780,253,1,0
3781,253,2,43
3782,253,3,111
3783,253,4,95
3784,253,5,49
3785,253,6,121
3786,253,7,98
3787,253,8,48
3788,253,9,131
3789,253,10,105
3790,253,11,40
3791,253,12,104
3792,253,13,93
3793,253,14,35
3794,253,15,114
3795,253,16,105
3796,253,17,40
3797,253,18,119
3798,253,19,95
3799,253,20,52
3800,253,21,126
3801,253,22,103
3802,253,23,42
3803,253,24,132
3804,253,25,115
3805,253,26,41
3806,253,27,119
3807,253,28,102
3808,253,29,42
3809,253,30,122
3810,253,31,97
3811,254,1,0
3812,254,2,35
3813,254,3,25
3814,254,4,9
3815,254,5,35
3816,254,6,27
3817,254,7,21
3818,254,8,30
3819,254,9,33
3820,254,10,17
3821,254,11,38
3822,254,12,28
3823,254,13,9
3824,254,14,25
3825,254,15,17
3826,254,16,7
3827,254,17,33
3828,254,18,26
3829,254,19,23
3830,254,20,35
3831,254,21,27
3832,254,22,23
3833,254,23,24
3834,254,24,22
3835,254,25,8
3836,254,26,35
3837,254,27,25
3838,254,28,8
3839,254,29,33
3840,254,30,28
3841,254,31,25
3842,255,1,0
3843,255,2,74
3844,255,3,133
3845,255,4,41
3846,255,5,73
3847,255,6,204
3848,255,7,60
3849,255,8,76
3850,255,9,149
3851,255,10,43
3852,255,11,75
3853,255,12,116
3854,255,13,39
3855,255,14,80
3856,255,15,135
3857,255,16,45
3858,255,17,67
3859,255,18,73
3860,255,19,29
3861,255,20,75
3862,255,21,225
3863,255,22,58
3864,255,23,80
3865,255,24,167
3866,255,25,52
3867,255,26,70
3868,255,27,142
3869,255,28,42
3870,255,29,68
3871,255,30,112
3872,255,31,36
3873,257,1,0
3874,257,2,411
3875,257,3,935
3876,257,4,673
3877,257,5,452
3878,257,6,1006
3879,257,7,709
3880,257,8,444
3881,257,9,1094
3882,257,10,746
3883,257,11,371
3884,257,12,871
3885,257,13,659
3886,257,14,348
3887,257,15,960
3888,257,16,747
3889,257,17,402
3890,257,18,990
3891,257,19,667
3892,257,20,483
3893,257,21,1068
3894,257,22,727
3895,257,23,397
3896,257,24,1105
3897,257,25,823
3898,257,26,417
3899,257,27,974
3900,257,28,725
3901,257,29,421
3902,257,30,1015
3903,257,31,675
3904,259,1,0
3905,259,2,58
3906,259,3,109
3907,259,4,72
3908,259,5,58
3909,259,6,104
3910,259,7,72
3911,259,8,59
3912,259,9,106
3913,259,10,72
3914,259,11,58
3915,259,12,111
3916,259,13,70
3917,259,14,61
3918,259,15,131
3919,259,16,76
3920,259,17,57
3921,259,18,103
3922,259,19,69
3923,259,20,57
3924,259,21,105
3925,259,22,73
3926,259,23,62
3927,259,24,135
3928,259,25,78
3929,259,26,59
3930,259,27,114
3931,259,28,73
3932,259,29,58
3933,259,30,103
3934,259,31,71
3935,261,1,0
3936,261,2,11
3937,261,3,20
3938,261,4,20
3939,261,5,11
3940,261,6,21
3941,261,7,20
3942,261,8,11
3943,261,9,22
3944,261,10,20
3945,261,11,11
3946,261,12,20
3947,261,13,21
3948,261,14,11
3949,261,15,21
3950,261,16,23
3951,261,17,10
3952,261,18,22
3953,261,19,20
3954,261,20,12
3955,261,21,21
3956,261,22,21
3957,261,23,11
3958,261,24,22
3959,261,25,23
3960,261,26,11
3961,261,27,20
3962,261,28,22
3963,261,29,11
3964,261,30,21
3965,261,31,19
3966,262,1,0
3967,262,2,46
3968,262,3,60
3969,262,4,56
3970,262,5,53
3971,262,6,76
3972,262,7,62
3973,262,8,47
3974,262,9,72
3975,262,10,62
3976,262,11,56
3977,262,12,73
3978,262,13,59
3979,262,14,51
3980,262,15,63
3981,262,16,60
3982,262,17,56
3983,262,18,68
3984,262,19,63
3985,262,20,46
3986,262,21,70
3987,262,22,62
3988,262,23,44
3989,262,24,66
3990,262,25,68
3991,262,26,64
3992,262,27,69
3993,262,28,57
3994,262,29,48
3995,262,30,64
3996,262,31,62
3997,263,1,0
3998,263,2,0
3999,263,3,0
4000,263,4,0
4001,263,5,0
4002,263,6,0
4003,263,7,0
4004,263,8,0
4005,263,9,0
4006,263,10,0
4007,263,11,0
4008,263,12,0
4009,263,13,0
4010,263,14,0
4011,263,15,0
4012,263,16,0
4013,263,17,0
4014,263,18,0
4015,263,19,0
4016,263,20,0
4017,263,21,0
4018,263,22,0
4019,263,23,1
4020,263,24,0
4021,263,25,0
4022,263,26,0
4023,263,27,0
4024,263,28,0
4025,263,29,0
4026,263,30,0
4027,263,31,0
4028,266,1,0
4029,266,2,2058
4030,266,3,1894
4031,266,4,3206
4032,266,5,2041
4033,266,6,1966
4034,266,7,3426
4035,266,8,1991
4036,266,9,1830
4037,266,10,3528
4038,266,11,2072
4039,266,12,1928
4040,266,13,3452
4041,266,14,2013
4042,266,15,1712
4043,266,16,3105
4044,266,17,2016
4045,266,18,1914
4046,266,19,3503
4047,266,20,1954
4048,266,21,1728
4049,266,22,3188
4050,266,23,1970
4051,266,24,1623
4052,266,25,3049
4053,266,26,2032
4054,266,27,1968
4055,266,28,3295
4056,266,29,2042
4057,266,30,1967
4058,266,31,3496
4059,269,1,0
4060,269,2,764
4061,269,3,648
4062,269,4,434
4063,269,5,782
4064,269,6,804
4065,269,7,509
4066,269,8,754
4067,269,9,775
4068,269,10,462
4069,269,11,749
4070,269,12,772
4071,269,13,502
4072,269,14,734
4073,269,15,758
4074,269,16,464
4075,269,17,755
4076,269,18,758
4077,269,19,442
4078,269,20,809
4079,269,21,706
4080,269,22,475
4081,269,23,762
4082,269,24,825
4083,269,25,471
4084,269,26,760
4085,269,27,717
4086,269,28,479
4087,269,29,742
4088,269,30,600
4089,269,31,391
4090,270,1,0
4091,270,2,727
4092,270,3,958
4093,270,4,718
4094,270,5,570
4095,270,6,817
4096,270,7,657
4097,270,8,593
4098,270,9,796
4099,270,10,643
4100,270,11,561
4101,270,12,861
4102,270,13,659
4103,270,14,635
4104,270,15,875
4105,270,16,652
4106,270,17,742
4107,270,18,931
4108,270,19,764
4109,270,20,698
4110,270,21,906
4111,270,22,715
4112,270,23,710
4113,270,24,879
4114,270,25,666
4115,270,26,695
4116,270,27,975
4117,270,28,753
4118,270,29,791
4119,270,30,937
4120,270,31,753
4121,271,1,0
4122,271,2,1333
4123,271,3,1684
4124,271,4,1949
4125,271,5,1345
4126,271,6,1661
4127,271,7,1967
4128,271,8,1325
4129,271,9,1616
4130,271,10,1906
4131,271,11,1429
4132,271,12,1709
4133,271,13,1937
4134,271,14,1491
4135,271,15,1808
4136,271,16,2021
4137,271,17,1289
4138,271,18,1503
4139,271,19,1792
4140,271,20,1250
4141,271,21,1635
4142,271,22,2003
4143,271,23,1440
4144,271,24,1813
4145,271,25,2073
4146,271,26,1307
4147,271,27,1656
4148,271,28,1904
4149,271,29,1211
4150,271,30,1466
4151,271,31,1781
4152,273,1,0
4153,273,2,327
4154,273,3,902
4155,273,4,837
4156,273,5,373
4157,273,6,955
4158,273,7,888
4159,273,8,361
4160,273,9,1030
4161,273,10,947
4162,273,11,303
4163,273,12,819
4164,273,13,818
4165,273,14,274
4166,273,15,903
4167,273,16,921
4168,273,17,310
4169,273,18,949
4170,273,19,843
4171,273,20,392
4172,273,21,1027
4173,273,22,914
4174,273,23,314
4175,273,24,1045
4176,273,25,1022
4177,273,26,324
4178,273,27,935
4179,273,28,900
4180,273,29,323
4181,273,30,982
4182,273,31,853
4183,275,1,0
4184,275,2,4919
4185,275,3,7284
4186,275,4,11961
4187,275,5,5029
4188,275,6,7509
4189,275,7,12279
4190,275,8,4716
4191,275,9,7376
4192,275,10,12323
4193,275,11,4889
4194,275,12,7252
4195,275,13,11896
4196,275,14,4869
4197,275,15,6979
4198,275,16,11765
4199,275,17,4266
4200,275,18,7175
4201,275,19,11914
4202,275,20,5111
4203,275,21,7583
4204,275,22,12570
4205,275,23,4924
4206,275,24,6988
4207,275,25,12054
4208,275,26,4635
4209,275,27,7085
4210,275,28,11272
4211,275,29,4353
4212,275,30,7141
4213,275,31,11675
4214,277,1,0
4215,277,2,116
4216,277,3,89
4217,277,4,119
4218,277,5,116
4219,277,6,89
4220,277,7,126
4221,277,8,118
4222,277,9,91
4223,277,10,104
4224,277,11,120
4225,277,12,93
4226,277,13,148
4227,277,14,121
4228,277,15,95
4229,277,16,126
4230,277,17,118
4231,277,18,91
4232,277,19,100
4233,277,20,115
4234,277,21,88
4235,277,22,141
4236,277,23,122
4237,277,24,96
4238,277,25,116
4239,277,26,117
4240,277,27,90
4241,277,28,195
4242,277,29,117
4243,277,30,89
4244,277,31,90
4245,278,1,0
4246,278,2,125
4247,278,3,324
4248,278,4,169
4249,278,5,142
4250,278,6,318
4251,278,7,163
4252,278,8,137
4253,278,9,302
4254,278,10,134
4255,278,11,150
4256,278,12,339
4257,278,13,166
4258,278,14,155
4259,278,15,378
4260,278,16,182
4261,278,17,118
4262,278,18,290
4263,278,19,148
4264,278,20,127
4265,278,21,307
4266,278,22,200
4267,278,23,149
4268,278,24,367
4269,278,25,168
4270,278,26,131
4271,278,27,329
4272,278,28,167
4273,278,29,114
4274,278,30,283
4275,278,31,143
4276,279,1,0
4277,279,2,641
4278,279,3,916
4279,279,4,1228
4280,279,5,677
4281,279,6,942
4282,279,7,1287
4283,279,8,659
4284,279,9,1036
4285,279,10,1338
4286,279,11,646
4287,279,12,971
4288,279,13,1272
4289,279,14,542
4290,279,15,892
4291,279,16,1113
4292,279,17,648
4293,279,18,989
4294,279,19,1235
4295,279,20,802
4296,279,21,1021
4297,279,22,1442
4298,279,23,704
4299,279,24,1046
4300,279,25,1394
4301,279,26,525
4302,279,27,880
4303,279,28,1165
4304,279,29,638
4305,279,30,980
4306,279,31,1317
4307,280,1,0
4308,280,2,0
4309,280,3,4
4310,280,4,6
4311,280,5,-1
4312,280,6,5
4313,280,7,6
4314,280,8,0
4315,280,9,3
4316,280,10,6
4317,280,11,0
4318,280,12,4
4319,280,13,6
4320,280,14,0
4321,280,15,3
4322,280,16,6
4323,280,17,0
4324,280,18,4
4325,280,19,5
4326,280,20,-1
4327,280,21,6
4328,280,22,7
4329,280,23,0
4330,280,24,4
4331,280,25,7
4332,280,26,0
4333,280,27,5
4334,280,28,6
4335,280,29,0
4336,280,30,6
4337,280,31,6
4338,281,1,0
4339,281,2,82
4340,281,3,117
4341,281,4,106
4342,281,5,82
4343,281,6,123
4344,281,7,113
4345,281,8,84
4346,281,9,119
4347,281,10,114
4348,281,11,81
4349,281,12,115
4350,281,13,106
4351,281,14,81
4352,281,15,110
4353,281,16,102
4354,281,17,83
4355,281,18,119
4356,281,19,117
4357,281,20,83
4358,281,21,127
4359,281,22,114
4360,281,23,79
4361,281,24,106
4362,281,25,98
4363,281,26,80
4364,281,27,108
4365,281,28,107
4366,281,29,83
4367,281,30,123
4368,281,31,116
4369,283,1,0
4370,283,2,61
4371,283,3,88
4372,283,4,19
4373,283,5,83
4374,283,6,96
4375,283,7,24
4376,283,8,111
4377,283,9,108
4378,283,10,32
4379,283,11,86
4380,283,12,104
4381,283,13,25
4382,283,14,59
4383,283,15,105
4384,283,16,21
4385,283,17,89
4386,283,18,91
4387,283,19,40
4388,283,20,67
4389,283,21,87
4390,283,22,24
4391,283,23,56
4392,283,24,119
4393,283,25,27
4394,283,26,60
4395,283,27,97
4396,283,28,20
4397,283,29,71
4398,283,30,81
4399,283,31,29
4400,284,1,0
4401,284,2,4
4402,284,3,3
4403,284,4,15
4404,284,5,5
4405,284,6,5
4406,284,7,20
4407,284,8,4
4408,284,9,8
4409,284,10,19
4410,284,11,4
4411,284,12,7
4412,284,13,22
4413,284,14,3
4414,284,15,8
4415,284,16,5
4416,284,17,4
4417,284,18,20
4418,284,19,28
4419,284,20,4
4420,284,21,5
4421,284,22,17
4422,284,23,2
4423,284,24,8
4424,284,25,-2
4425,284,26,7
4426,284,27,17
4427,284,28,21
4428,284,29,3
4429,284,30,9
4430,284,31,22
4431,285,1,0
4432,285,2,25668
4433,285,3,31641
4434,285,4,37867
4435,285,5,25317
4436,285,6,30084
4437,285,7,36162
4438,285,8,25484
4439,285,9,31479
4440,285,10,38389
4441,285,11,26103
4442,285,12,32026
4443,285,13,37899
4444,285,14,25655
4445,285,15,32534
4446,285,16,37642
4447,285,17,25897
4448,285,18,31719
4449,285,19,38546
4450,285,20,26002
4451,285,21,31707
4452,285,22,37728
4453,285,23,25967
4454,285,24,33439
4455,285,25,38954
4456,285,26,25018
4457,285,27,30820
4458,285,28,36698
4459,285,29,25793
4460,285,30,31052
4461,285,31,37373
4462,286,1,0
4463,286,2,61
4464,286,3,60
4465,286,4,92
4466,286,5,54
4467,286,6,57
4468,286,7,80
4469,286,8,50
4470,286,9,56
4471,286,10,74
4472,286,11,62
4473,286,12,61
4474,286,13,96
4475,286,14,55
4476,286,15,54
4477,286,16,112
4478,286,17,53
4479,286,18,57
4480,286,19,79
4481,286,20,54
4482,286,21,57
4483,286,22,79
4484,286,23,49
4485,286,24,52
4486,286,25,101
4487,286,26,63
4488,286,27,61
4489,286,28,103
4490,286,29,53
4491,286,30,56
4492,286,31,78
4493,287,1,0
4494,287,2,623
4495,287,3,541
4496,287,4,708
4497,287,5,781
4498,287,6,642
4499,287,7,873
4500,287,8,724
4501,287,9,599
4502,287,10,1006
4503,287,11,588
4504,287,12,527
4505,287,13,731
4506,287,14,649
4507,287,15,433
4508,287,16,646
4509,287,17,664
4510,287,18,575
4511,287,19,833
4512,287,20,722
4513,287,21,525
4514,287,22,772
4515,287,23,694
4516,287,24,458
4517,287,25,757
4518,287,26,766
4519,287,27,722
4520,287,28,839
4521,287,29,692
4522,287,30,684
4523,287,31,893
4524,288,1,0
4525,288,2,4353
4526,288,3,8950
4527,288,4,15267
4528,288,5,4300
4529,288,6,8620
4530,288,7,15191
4531,288,8,4185
4532,288,9,7887
4533,288,10,13985
4534,288,11,4250
4535,288,12,8568
4536,288,13,14985
4537,288,14,4230
4538,288,15,8372
4539,288,16,14222
4540,288,17,4157
4541,288,18,8113
4542,288,19,14217
4543,288,20,4344
4544,288,21,8925
4545,288,22,15361
4546,288,23,4230
4547,288,24,8219
4548,288,25,14080
4549,288,26,4381
4550,288,27,8904
4551,288,28,14602
4552,288,29,4192
4553,288,30,8123
4554,288,31,14151
4555,290,1,0
4556,290,2,433
4557,290,3,482
4558,290,4,759
4559,290,5,401
4560,290,6,460
4561,290,7,818
4562,290,8,423
4563,290,9,466
4564,290,10,811
4565,290,11,426
4566,290,12,487
4567,290,13,805
4568,290,14,515
4569,290,15,540
4570,290,16,807
4571,290,17,400
4572,290,18,499
4573,290,19,801
4574,290,20,415
4575,290,21,464
4576,290,22,806
4577,290,23,534
4578,290,24,546
4579,290,25,810
4580,290,26,423
4581,290,27,469
4582,290,28,823
4583,290,29,402
4584,290,30,477
4585,290,31,771
4586,291,1,0
4587,291,2,598
4588,291,3,1150
4589,291,4,1277
4590,291,5,533
4591,291,6,1140
4592,291,7,1210
4593,291,8,576
4594,291,9,1189
4595,291,10,1239
4596,291,11,563
4597,291,12,1136
4598,291,13,1271
4599,291,14,599
4600,291,15,1188
4601,291,16,1300
4602,291,17,584
4603,291,18,1167
4604,291,19,1327
4605,291,20,573
4606,291,21,1152
4607,291,22,1281
4608,291,23,616
4609,291,24,1256
4610,291,25,1384
4611,291,26,597
4612,291,27,1230
4613,291,28,1301
4614,291,29,584
4615,291,30,1166
4616,291,31,1256
4617,294,1,0
4618,294,2,155
4619,294,3,268
4620,294,4,237
4621,294,5,158
4622,294,6,267
4623,294,7,246
4624,294,8,159
4625,294,9,272
4626,294,10,254
4627,294,11,154
4628,294,12,259
4629,294,13,240
4630,294,14,147
4631,294,15,263
4632,294,16,238
4633,294,17,171
4634,294,18,278
4635,294,19,265
4636,294,20,163
4637,294,21,273
4638,294,22,245
4639,294,23,148
4640,294,24,272
4641,294,25,243
4642,294,26,157
4643,294,27,265
4644,294,28,243
4645,294,29,165
4646,294,30,280
4647,294,31,255
4648,295,1,0
4649,295,2,91
4650,295,3,118
4651,295,4,122
4652,295,5,95
4653,295,6,120
4654,295,7,133
4655,295,8,100
4656,295,9,123
4657,295,10,138
4658,295,11,96
4659,295,12,117
4660,295,13,123
4661,295,14,92
4662,295,15,115
4663,295,16,119
4664,295,17,93
4665,295,18,119
4666,295,19,133
4667,295,20,93
4668,295,21,122
4669,295,22,128
4670,295,23,97
4671,295,24,120
4672,295,25,126
4673,295,26,94
4674,295,27,115
4675,295,28,125
4676,295,29,92
4677,295,30,119
4678,295,31,132
4679,296,1,0
4680,296,2,52
4681,296,3,64
4682,296,4,61
4683,296,5,53
4684,296,6,69
4685,296,7,62
4686,296,8,48
4687,296,9,63
4688,296,10,61
4689,296,11,52
4690,296,12,65
4691,296,13,62
4692,296,14,55
4693,296,15,65
4694,296,16,63
4695,296,17,46
4696,296,18,57
4697,296,19,57
4698,296,20,48
4699,296,21,65
4700,296,22,63
4701,296,23,54
4702,296,24,62
4703,296,25,61
4704,296,26,54
4705,296,27,65
4706,296,28,62
4707,296,29,46
4708,296,30,59
4709,296,31,57
4710,297,1,0
4711,297,2,5
4712,297,3,14
4713,297,4,17
4714,297,5,4
4715,297,6,12
4716,297,7,16
4717,297,8,5
4718,297,9,10
4719,297,10,15
4720,297,11,5
4721,297,12,11
4722,297,13,16
4723,297,14,5
4724,297,15,12
4725,297,16,16
4726,297,17,5
4727,297,18,13
4728,297,19,17
4729,297,20,4
4730,297,21,13
4731,297,22,17
4732,297,23,4
4733,297,24,11
4734,297,25,17
4735,297,26,5
4736,297,27,13
4737,297,28,16
4738,297,29,4
4739,297,30,15
4740,297,31,18
4741,301,1,0
4742,301,2,30
4743,301,3,55
4744,301,4,36
4745,301,5,30
4746,301,6,53
4747,301,7,35
4748,301,8,27
4749,301,9,55
4750,301,10,38
4751,301,11,28
4752,301,12,58
4753,301,13,39
4754,301,14,25
4755,301,15,62
4756,301,16,42
4757,301,17,24
4758,301,18,56
4759,301,19,36
4760,301,20,29
4761,301,21,52
4762,301,22,36
4763,301,23,27
4764,301,24,61
4765,301,25,45
4766,301,26,30
4767,301,27,56
4768,301,28,38
4769,301,29,28
4770,301,30,54
4771,301,31,36
4772,320,1,0
4773,320,2,0
4774,320,3,0
4775,320,4,0
4776,320,5,0
4777,320,6,0
4778,320,7,0
4779,320,8,0
4780,320,9,0
4781,320,10,0
4782,320,11,0
4783,320,12,0
4784,320,13,0
4785,320,14,0
4786,320,15,0
4787,320,16,0
4788,320,17,0
4789,320,18,0
4790,320,19,0
4791,320,20,0
4792,320,21,0
4793,320,22,0
4794,320,23,0
4795,320,24,0
4796,320,25,0
4797,320,26,0
4798,320,27,0
4799,320,28,0
4800,320,29,0
4801,320,30,0
4802,320,31,0
4803,121,1,0
4804,121,2,85
4805,121,3,273
4806,121,4,88
4807,121,5,85
4808,121,6,270
4809,121,7,93
4810,121,8,92
4811,121,9,262
4812,121,10,85
4813,121,11,89
4814,121,12,264
4815,121,13,83
4816,121,14,73
4817,121,15,254
4818,121,16,79
4819,121,17,87
4820,121,18,240
4821,121,19,73
4822,121,20,73
4823,121,21,241
4824,121,22,84
4825,121,23,69
4826,121,24,250
4827,121,25,78
4828,121,26,81
4829,121,27,269
4830,121,28,84
4831,121,29,90
4832,121,30,268
4833,121,31,90
4834,122,1,0
4835,122,2,12
4836,122,3,38
4837,122,4,13
4838,122,5,13
4839,122,6,38
4840,122,7,14
4841,122,8,13
4842,122,9,37
4843,122,10,13
4844,122,11,13
4845,122,12,37
4846,122,13,13
4847,122,14,11
4848,122,15,36
4849,122,16,12
4850,122,17,13
4851,122,18,34
4852,122,19,11
4853,122,20,10
4854,122,21,34
4855,122,22,12
4856,122,23,10
4857,122,24,36
4858,122,25,12
4859,122,26,12
4860,122,27,38
4861,122,28,13
4862,122,29,13
4863,122,30,38
4864,122,31,13
4865,123,1,0
4866,123,2,218
4867,123,3,244
4868,123,4,130
4869,123,5,259
4870,123,6,246
4871,123,7,157
4872,123,8,280
4873,123,9,212
4874,123,10,167
4875,123,11,228
4876,123,12,213
4877,123,13,134
4878,123,14,124
4879,123,15,217
4880,123,16,104
4881,123,17,228
4882,123,18,153
4883,123,19,110
4884,123,20,169
4885,123,21,226
4886,123,22,117
4887,123,23,109
4888,123,24,235
4889,123,25,104
4890,123,26,186
4891,123,27,229
4892,123,28,117
4893,123,29,289
4894,123,30,224
4895,123,31,172
4896,120,1,0
4897,120,2,25
4898,120,3,27
4899,120,4,14
4900,120,5,40
4901,120,6,35
4902,120,7,18
4903,120,8,29
4904,120,9,28
4905,120,10,18
4906,120,11,41
4907,120,12,30
4908,120,13,17
4909,120,14,52
4910,120,15,34
4911,120,16,18
4912,120,17,23
4913,120,18,25
4914,120,19,15
4915,120,20,25
4916,120,21,30
4917,120,22,14
4918,120,23,37
4919,120,24,29
4920,120,25,16
4921,120,26,24
4922,120,27,22
4923,120,28,13
4924,120,29,30
4925,120,30,40
4926,120,31,18
4927,125,1,0
4928,125,2,121
4929,125,3,147
4930,125,4,74
4931,125,5,124
4932,125,6,151
4933,125,7,71
4934,125,8,124
4935,125,9,234
4936,125,10,76
4937,125,11,107
4938,125,12,149
4939,125,13,67
4940,125,14,101
4941,125,15,255
4942,125,16,81
4943,125,17,112
4944,125,18,129
4945,125,19,63
4946,125,20,142
4947,125,21,150
4948,125,22,73
4949,125,23,94
4950,125,24,297
4951,125,25,80
4952,125,26,94
4953,125,27,138
4954,125,28,68
4955,125,29,128
4956,125,30,167
4957,125,31,69
4958,197,1,0
4959,197,2,26
4960,197,3,18
4961,197,4,16
4962,197,5,26
4963,197,6,17
4964,197,7,16
4965,197,8,25
4966,197,9,17
4967,197,10,15
4968,197,11,26
4969,197,12,17
4970,197,13,16
4971,197,14,21
4972,197,15,15
4973,197,16,13
4974,197,17,24
4975,197,18,16
4976,197,19,14
4977,197,20,23
4978,197,21,16
4979,197,22,15
4980,197,23,20
4981,197,24,15
4982,197,25,13
4983,197,26,24
4984,197,27,17
4985,197,28,16
4986,197,29,26
4987,197,30,17
4988,197,31,16
4989,198,1,0
4990,198,2,37
4991,198,3,55
4992,198,4,32
4993,198,5,36
4994,198,6,61
4995,198,7,32
4996,198,8,36
4997,198,9,56
4998,198,10,30
4999,198,11,37
5000,198,12,53
5001,198,13,30
5002,198,14,37
5003,198,15,43
5004,198,16,28
5005,198,17,35
5006,198,18,56
5007,198,19,31
5008,198,20,34
5009,198,21,56
5010,198,22,31
5011,198,23,37
5012,198,24,41
5013,198,25,26
5014,198,26,37
5015,198,27,50
5016,198,28,31
5017,198,29,36
5018,198,30,60
5019,198,31,31
5020,130,1,0
5021,130,2,85
5022,130,3,110
5023,130,4,105
5024,130,5,92
5025,130,6,115
5026,130,7,123
5027,130,8,85
5028,130,9,113
5029,130,10,118
5030,130,11,86
5031,130,12,110
5032,130,13,114
5033,130,14,68
5034,130,15,100
5035,130,16,103
5036,130,17,83
5037,130,18,115
5038,130,19,104
5039,130,20,99
5040,130,21,117
5041,130,22,129
5042,130,23,72
5043,130,24,99
5044,130,25,111
5045,130,26,82
5046,130,27,114
5047,130,28,95
5048,130,29,90
5049,130,30,116
5050,130,31,118
5051,201,1,0
5052,201,2,13
5053,201,3,17
5054,201,4,14
5055,201,5,13
5056,201,6,16
5057,201,7,15
5058,201,8,11
5059,201,9,14
5060,201,10,14
5061,201,11,13
5062,201,12,17
5063,201,13,14
5064,201,14,12
5065,201,15,17
5066,201,16,14
5067,201,17,12
5068,201,18,15
5069,201,19,13
5070,201,20,12
5071,201,21,15
5072,201,22,15
5073,201,23,11
5074,201,24,16
5075,201,25,14
5076,201,26,13
5077,201,27,18
5078,201,28,15
5079,201,29,12
5080,201,30,15
5081,201,31,14
5082,129,1,0
5083,129,2,209
5084,129,3,266
5085,129,4,266
5086,129,5,226
5087,129,6,280
5088,129,7,312
5089,129,8,206
5090,129,9,277
5091,129,10,296
5092,129,11,212
5093,129,12,268
5094,129,13,290
5095,129,14,167
5096,129,15,242
5097,129,16,272
5098,129,17,201
5099,129,18,284
5100,129,19,272
5101,129,20,243
5102,129,21,286
5103,129,22,327
5104,129,23,178
5105,129,24,242
5106,129,25,290
5107,129,26,202
5108,129,27,276
5109,129,28,240
5110,129,29,221
5111,129,30,284
5112,129,31,296
5113,202,1,0
5114,202,2,6
5115,202,3,8
5116,202,4,7
5117,202,5,6
5118,202,6,7
5119,202,7,7
5120,202,8,5
5121,202,9,7
5122,202,10,6
5123,202,11,6
5124,202,12,8
5125,202,13,7
5126,202,14,6
5127,202,15,8
5128,202,16,7
5129,202,17,6
5130,202,18,7
5131,202,19,6
5132,202,20,6
5133,202,21,7
5134,202,22,7
5135,202,23,5
5136,202,24,7
5137,202,25,7
5138,202,26,6
5139,202,27,8
5140,202,28,7
5141,202,29,6
5142,202,30,7
5143,202,31,7
5144,203,1,0
5145,203,2,6
5146,203,3,8
5147,203,4,7
5148,203,5,6
5149,203,6,7
5150,203,7,6
5151,203,8,6
5152,203,9,7
5153,203,10,6
5154,203,11,6
5155,203,12,8
5156,203,13,7
5157,203,14,6
5158,203,15,7
5159,203,16,7
5160,203,17,6
5161,203,18,6
5162,203,19,6
5163,203,20,6
5164,203,21,8
5165,203,22,7
5166,203,23,6
5167,203,24,7
5168,203,25,7
5169,203,26,6
5170,203,27,8
5171,203,28,7
5172,203,29,6
5173,203,30,7
5174,203,31,7
5175,37,1,0
5176,37,2,278
5177,37,3,659
5178,37,4,566
5179,37,5,270
5180,37,6,638
5181,37,7,557
5182,37,8,252
5183,37,9,657
5184,37,10,564
5185,37,11,273
5186,37,12,674
5187,37,13,579
5188,37,14,260
5189,37,15,698
5190,37,16,577
5191,37,17,250
5192,37,18,625
5193,37,19,541
5194,37,20,266
5195,37,21,608
5196,37,22,537
5197,37,23,260
5198,37,24,689
5199,37,25,576
5200,37,26,275
5201,37,27,674
5202,37,28,570
5203,37,29,261
5204,37,30,643
5205,37,31,560
5206,38,1,0
5207,38,2,318
5208,38,3,715
5209,38,4,641
5210,38,5,314
5211,38,6,699
5212,38,7,630
5213,38,8,293
5214,38,9,713
5215,38,10,626
5216,38,11,315
5217,38,12,731
5218,38,13,658
5219,38,14,300
5220,38,15,752
5221,38,16,659
5222,38,17,289
5223,38,18,679
5224,38,19,624
5225,38,20,307
5226,38,21,668
5227,38,22,609
5228,38,23,300
5229,38,24,744
5230,38,25,652
5231,38,26,316
5232,38,27,732
5233,38,28,660
5234,38,29,300
5235,38,30,697
5236,38,31,636
5237,39,1,0
5238,39,2,396
5239,39,3,830
5240,39,4,783
5241,39,5,401
5242,39,6,821
5243,39,7,771
5244,39,8,377
5245,39,9,828
5246,39,10,753
5247,39,11,397
5248,39,12,850
5249,39,13,808
5250,39,14,380
5251,39,15,868
5252,39,16,812
5253,39,17,368
5254,39,18,791
5255,39,19,784
5256,39,20,390
5257,39,21,788
5258,39,22,749
5259,39,23,381
5260,39,24,861
5261,39,25,799
5262,39,26,396
5263,39,27,854
5264,39,28,829
5265,39,29,377
5266,39,30,809
5267,39,31,789
5268,40,1,0
5269,40,2,457
5270,40,3,897
5271,40,4,876
5272,40,5,464
5273,40,6,885
5274,40,7,854
5275,40,8,435
5276,40,9,885
5277,40,10,832
5278,40,11,458
5279,40,12,912
5280,40,13,891
5281,40,14,438
5282,40,15,931
5283,40,16,899
5284,40,17,424
5285,40,18,846
5286,40,19,856
5287,40,20,451
5288,40,21,851
5289,40,22,833
5290,40,23,439
5291,40,24,927
5292,40,25,884
5293,40,26,454
5294,40,27,921
5295,40,28,913
5296,40,29,438
5297,40,30,869
5298,40,31,873
5299,42,1,0
5300,42,2,483
5301,42,3,922
5302,42,4,913
5303,42,5,491
5304,42,6,909
5305,42,7,888
5306,42,8,460
5307,42,9,907
5308,42,10,863
5309,42,11,484
5310,42,12,935
5311,42,13,925
5312,42,14,462
5313,42,15,956
5314,42,16,933
5315,42,17,448
5316,42,18,868
5317,42,19,881
5318,42,20,477
5319,42,21,876
5320,42,22,866
5321,42,23,463
5322,42,24,954
5323,42,25,916
5324,42,26,480
5325,42,27,946
5326,42,28,945
5327,42,29,465
5328,42,30,893
5329,42,31,903
5330,43,1,0
5331,43,2,519
5332,43,3,917
5333,43,4,950
5334,43,5,527
5335,43,6,907
5336,43,7,914
5337,43,8,494
5338,43,9,908
5339,43,10,880
5340,43,11,519
5341,43,12,927
5342,43,13,955
5343,43,14,495
5344,43,15,946
5345,43,16,971
5346,43,17,483
5347,43,18,870
5348,43,19,887
5349,43,20,512
5350,43,21,878
5351,43,22,897
5352,43,23,494
5353,43,24,947
5354,43,25,952
5355,43,26,515
5356,43,27,937
5357,43,28,972
5358,43,29,502
5359,43,30,892
5360,43,31,913
5361,45,1,0
5362,45,2,5067
5363,45,3,7446
5364,45,4,7662
5365,45,5,5142
5366,45,6,7558
5367,45,7,7775
5368,45,8,5012
5369,45,9,7480
5370,45,10,7584
5371,45,11,5024
5372,45,12,7277
5373,45,13,7627
5374,45,14,4922
5375,45,15,7349
5376,45,16,7790
5377,45,17,5064
5378,45,18,7254
5379,45,19,7537
5380,45,20,5110
5381,45,21,7733
5382,45,22,7881
5383,45,23,4988
5384,45,24,7521
5385,45,25,7846
5386,45,26,5154
5387,45,27,7535
5388,45,28,7886
5389,45,29,5064
5390,45,30,7416
5391,45,31,7568
5392,46,1,0
5393,46,2,5829
5394,46,3,7988
5395,46,4,9071
5396,46,5,5904
5397,46,6,8124
5398,46,7,9190
5399,46,8,5815
5400,46,9,8104
5401,46,10,8999
5402,46,11,5833
5403,46,12,7834
5404,46,13,8993
5405,46,14,5813
5406,46,15,7925
5407,46,16,9257
5408,46,17,5886
5409,46,18,7852
5410,46,19,8892
5411,46,20,5858
5412,46,21,8258
5413,46,22,9361
5414,46,23,5881
5415,46,24,8108
5416,46,25,9376
5417,46,26,5923
5418,46,27,8060
5419,46,28,9299
5420,46,29,5843
5421,46,30,8026
5422,46,31,8938
5423,66,1,0
5424,66,2,8923
5425,66,3,11563
5426,66,4,15289
5427,66,5,8932
5428,66,6,11649
5429,66,7,15377
5430,66,8,9001
5431,66,9,11637
5432,66,10,15632
5433,66,11,9123
5434,66,12,11545
5435,66,13,15740
5436,66,14,8838
5437,66,15,11250
5438,66,16,15638
5439,66,17,9275
5440,66,18,11556
5441,66,19,15650
5442,66,20,8774
5443,66,21,11601
5444,66,22,15357
5445,66,23,8857
5446,66,24,11336
5447,66,25,15763
5448,66,26,8916
5449,66,27,11599
5450,66,28,15506
5451,66,29,8979
5452,66,30,11636
5453,66,31,15369
5454,75,1,0
5455,75,2,530
5456,75,3,2158
5457,75,4,1575
5458,75,5,550
5459,75,6,2152
5460,75,7,1627
5461,75,8,541
5462,75,9,2154
5463,75,10,1514
5464,75,11,542
5465,75,12,2164
5466,75,13,1566
5467,75,14,493
5468,75,15,2107
5469,75,16,1637
5470,75,17,554
5471,75,18,2079
5472,75,19,1550
5473,75,20,519
5474,75,21,2087
5475,75,22,1583
5476,75,23,477
5477,75,24,2092
5478,75,25,1542
5479,75,26,517
5480,75,27,2165
5481,75,28,1538
5482,75,29,540
5483,75,30,2124
5484,75,31,1595
5485,292,1,0
5486,292,2,3253
5487,292,3,7350
5488,292,4,11756
5489,292,5,3200
5490,292,6,7020
5491,292,7,11687
5492,292,8,3085
5493,292,9,6287
5494,292,10,10724
5495,292,11,3150
5496,292,12,6968
5497,292,13,11576
5498,292,14,3130
5499,292,15,6772
5500,292,16,10972
5501,292,17,3057
5502,292,18,6513
5503,292,19,10944
5504,292,20,3244
5505,292,21,7325
5506,292,22,11820
5507,292,23,3130
5508,292,24,6619
5509,292,25,10824
5510,292,26,3281
5511,292,27,7304
5512,292,28,11352
5513,292,29,3092
5514,292,30,6523
5515,292,31,10882
5516,302,1,0
5517,302,2,1100
5518,302,3,1600
5519,302,4,3511
5520,302,5,1100
5521,302,6,1600
5522,302,7,3504
5523,302,8,1100
5524,302,9,1600
5525,302,10,3261
5526,302,11,1100
5527,302,12,1600
5528,302,13,3409
5529,302,14,1100
5530,302,15,1600
5531,302,16,3250
5532,302,17,1100
5533,302,18,1600
5534,302,19,3273
5535,302,20,1100
5536,302,21,1600
5537,302,22,3541
5538,302,23,1100
5539,302,24,1600
5540,302,25,3255
5541,302,26,1100
5542,302,27,1600
5543,302,28,3251
5544,302,29,1100
5545,302,30,1600
5546,302,31,3269
5547,318,1,0
5548,318,2,67
5549,318,3,122
5550,318,4,81
5551,318,5,66
5552,318,6,118
5553,318,7,79
5554,318,8,61
5555,318,9,124
5556,318,10,85
5557,318,11,63
5558,318,12,130
5559,318,13,88
5560,318,14,57
5561,318,15,138
5562,318,16,96
5563,318,17,55
5564,318,18,124
5565,318,19,80
5566,318,20,66
5567,318,21,116
5568,318,22,81
5569,318,23,60
5570,318,24,137
5571,318,25,101
5572,318,26,67
5573,318,27,124
5574,318,28,84
5575,318,29,63
5576,318,30,120
5577,318,31,80
5578,131,1,0
5579,131,2,-203
5580,131,3,-442
5581,131,4,-101
5582,131,5,-260
5583,131,6,-449
5584,131,7,-138
5585,131,8,-277
5586,131,9,-397
5587,131,10,-139
5588,131,11,-235
5589,131,12,-406
5590,131,13,-104
5591,131,14,-126
5592,131,15,-412
5593,131,16,-74
5594,131,17,-216
5595,131,18,-315
5596,131,19,-72
5597,131,20,-139
5598,131,21,-395
5599,131,22,-84
5600,131,23,-91
5601,131,24,-421
5602,131,25,-74
5603,131,26,-167
5604,131,27,-420
5605,131,28,-85
5606,131,29,-285
5607,131,30,-429
5608,131,31,-149
5609,306,1,0
5610,306,2,-169
5611,306,3,-406
5612,306,4,-64
5613,306,5,-227
5614,306,6,-414
5615,306,7,-101
5616,306,8,-245
5617,306,9,-362
5618,306,10,-103
5619,306,11,-202
5620,306,12,-371
5621,306,13,-69
5622,306,14,-96
5623,306,15,-380
5624,306,16,-46
5625,306,17,-183
5626,306,18,-284
5627,306,19,-46
5628,306,20,-106
5629,306,21,-362
5630,306,22,-51
5631,306,23,-61
5632,306,24,-389
5633,306,25,-46
5634,306,26,-134
5635,306,27,-384
5636,306,28,-55
5637,306,29,-252
5638,306,30,-395
5639,306,31,-111
5640,132,1,0
5641,132,2,19
5642,132,3,24
5643,132,4,21
5644,132,5,18
5645,132,6,23
5646,132,7,21
5647,132,8,17
5648,132,9,21
5649,132,10,20
5650,132,11,19
5651,132,12,25
5652,132,13,21
5653,132,14,17
5654,132,15,24
5655,132,16,21
5656,132,17,18
5657,132,18,21
5658,132,19,19
5659,132,20,18
5660,132,21,23
5661,132,22,22
5662,132,23,17
5663,132,24,23
5664,132,25,21
5665,132,26,18
5666,132,27,25
5667,132,28,22
5668,132,29,18
5669,132,30,22
5670,132,31,21
5671,21,1,0
5672,21,2,340
5673,21,3,582
5674,21,4,245
5675,21,5,397
5676,21,6,589
5677,21,7,282
5678,21,8,414
5679,21,9,539
5680,21,10,283
5681,21,11,371
5682,21,12,544
5683,21,13,247
5684,21,14,260
5685,21,15,541
5686,21,16,213
5687,21,17,351
5688,21,18,452
5689,21,19,209
5690,21,20,277
5691,21,21,531
5692,21,22,227
5693,21,23,225
5694,21,24,550
5695,21,25,210
5696,21,26,303
5697,21,27,558
5698,21,28,227
5699,21,29,422
5700,21,30,570
5701,21,31,293
5702,126,1,0
5703,126,2,643
5704,126,3,894
5705,126,4,549
5706,126,5,705
5707,126,6,908
5708,126,7,618
5709,126,8,718
5710,126,9,855
5711,126,10,614
5712,126,11,675
5713,126,12,853
5714,126,13,557
5715,126,14,532
5716,126,15,811
5717,126,16,496
5718,126,17,656
5719,126,18,761
5720,126,19,498
5721,126,20,593
5722,126,21,835
5723,126,22,544
5724,126,23,501
5725,126,24,815
5726,126,25,501
5727,126,26,603
5728,126,27,865
5729,126,28,505
5730,126,29,729
5731,126,30,889
5732,126,31,625
5733,299,1,0
5734,299,2,1008
5735,299,3,1608
5736,299,4,826
5737,299,5,1150
5738,299,6,1650
5739,299,7,960
5740,299,8,1156
5741,299,9,1621
5742,299,10,943
5743,299,11,1063
5744,299,12,1538
5745,299,13,857
5746,299,14,771
5747,299,15,1600
5748,299,16,780
5749,299,17,1010
5750,299,18,1359
5751,299,19,761
5752,299,20,944
5753,299,21,1542
5754,299,22,877
5755,299,23,707
5756,299,24,1657
5757,299,25,800
5758,299,26,898
5759,299,27,1563
5760,299,28,756
5761,299,29,1197
5762,299,30,1632
5763,299,31,958
5764,19,1,0
5765,19,2,0
5766,19,3,0
5767,19,4,0
5768,19,5,0
5769,19,6,0
5770,19,7,0
5771,19,8,0
5772,19,9,0
5773,19,10,0
5774,19,11,0
5775,19,12,0
5776,19,13,0
5777,19,14,0
5778,19,15,0
5779,19,16,0
5780,19,17,0
5781,19,18,0
5782,19,19,0
5783,19,20,0
5784,19,21,0
5785,19,22,0
5786,19,23,0
5787,19,24,0
5788,19,25,0
5789,19,26,0
5790,19,27,0
5791,19,28,0
5792,19,29,0
5793,19,30,0
5794,19,31,0
5795,304,1,0
5796,304,2,0
5797,304,3,0
5798,304,4,0
5799,304,5,0
5800,304,6,0
5801,304,7,0
5802,304,8,0
5803,304,9,0
5804,304,10,0
5805,304,11,0
5806,304,12,0
5807,304,13,0
5808,304,14,0
5809,304,15,0
5810,304,16,0
5811,304,17,0
5812,304,18,0
5813,304,19,0
5814,304,20,0
5815,304,21,0
5816,304,22,0
5817,304,23,0
5818,304,24,0
5819,304,25,0
5820,304,26,0
5821,304,27,0
5822,304,28,0
5823,304,29,0
5824,304,30,0
5825,304,31,0
5826,303,1,0
5827,303,2,34
5828,303,3,36
5829,303,4,37
5830,303,5,34
5831,303,6,35
5832,303,7,38
5833,303,8,32
5834,303,9,34
5835,303,10,37
5836,303,11,33
5837,303,12,35
5838,303,13,35
5839,303,14,30
5840,303,15,32
5841,303,16,28
5842,303,17,32
5843,303,18,31
5844,303,19,26
5845,303,20,34
5846,303,21,33
5847,303,22,33
5848,303,23,30
5849,303,24,31
5850,303,25,27
5851,303,26,33
5852,303,27,36
5853,303,28,30
5854,303,29,33
5855,303,30,35
5856,303,31,37
